Atom 1,Atom 2,Atom 3,Atom 4,Atom 5
Ba,Sr,Zn,W,O
Ba,Sr,La,Bi,O
Ba,Li,La,Te,O
Ba,Sr,Mg,Te,O
Ba,Na,Ti,Nb,O
Ba,La,Mg,Ru,O
Sr,Ti,Mn,Bi,O
Ba,La,Mg,Bi,O
Ba,Ti,Mn,Bi,O
Ba,La,Ti,Cu,O
Sr,Pr,Fe,Co,O
Sr,La,Mn,Co,O
Ba,La,Cu,Ru,O
Ba,La,Mn,Ru,O
Sr,Gd,Fe,Co,O
Ba,Pr,Nb,Co,O
Ba,Sr,Bi,Sb,O
Sr,La,Mn,W,O
Ba,Sr,Mg,W,O
K,Ba,Li,Zn,F
Ba,La,Co,Ir,O
Ba,La,Mn,Sn,O
Ca,La,V,Fe,O
Ba,La,Cr,Mo,O
Ba,Sm,Co,Cu,O
Sr,Mn,Fe,Bi,O
Ba,La,Zn,Ru,O
Ba,La,Mg,Nb,O
Sr,Nd,Mn,Co,O
Ba,Li,Pr,Te,O
Sr,La,Mn,Ru,O
Sr,Li,Pr,Te,O
Na,La,Mg,Te,O
Ba,La,Co,Sb,O
Sr,La,Nb,Zn,O
La,Ti,Al,Pb,O
Ba,La,Mg,Ta,O
Ba,Sr,Yb,Re,O
Ba,La,Mn,Ru,O
Ba,La,Nb,Cr,O
Ba,La,Ta,Mn,O
Sr,La,Ti,Mn,O
Ba,Ca,La,Bi,O
Ba,La,Zn,Ru,O
Ba,Sr,Ca,Mo,O
Ba,Sr,La,Bi,O
Ba,Sr,Ca,W,O
Ba,La,Mn,Mo,O
Ba,La,Mn,In,O
Ba,Sr,Co,W,O
Ba,Nd,Fe,Co,O
Ba,La,Ta,Zn,O
Ba,La,Ni,Ru,O
Ca,La,Cr,Mo,O
Sr,La,V,Fe,O
Ca,La,Cr,Cu,O
Ca,La,Fe,Mo,O
Sr,La,Mn,Sn,O
Na,La,Mg,W,O
La,Mg,Cr,Sb,O
La,V,Zn,Cr,O
Na,Nd,Mg,W,O
La,Ta,Zn,Cr,O
Sr,La,Ti,Mn,O
Sr,Ca,Ti,Mn,O
La,Zn,Cr,Cu,O
La,Mg,Cr,Cu,O
Na,La,Sc,Nb,O
La,Mg,Fe,Mo,O
Sr,La,Ta,Ni,O
Ba,La,Mn,Sb,O
Sr,La,Ti,Mn,O
Ba,Sr,Ni,W,O
Nd,Co,Sb,Pb,O
Ba,Nd,Ni,Sb,O
La,Mg,Cr,Co,O
Ca,La,Cr,Sb,O
Sr,Li,Eu,Te,O
Sr,La,V,Fe,O
Sr,La,Mn,Ru,O
Ca,La,Mn,Fe,O
Ca,La,Mn,Mo,O
Sr,La,Fe,Ru,O
La,Mg,V,Cr,O
Ca,La,Mn,Ru,O
La,Mg,Fe,Cu,O
Ca,Sm,Mn,Sn,O
Sr,La,Mg,Ru,O
La,Mn,Zn,Fe,O
Ca,La,Fe,Ni,O
Li,Ca,Pr,Te,O
La,V,Zn,Fe,O
Sr,Pr,Fe,Ru,O
La,Zn,Cr,Mo,O
La,Mg,Fe,Ni,O
La,Zn,Fe,Sn,O
K,V,Ni,O,F
Ca,La,Fe,Ni,O
Ca,Dy,Mn,Sn,O
La,Ti,Zn,Fe,O
K,Cr,Ni,O,F
La,Zn,Cr,W,O
La,Zn,Fe,Cu,O
La,Mg,Cr,Bi,O
Nd,Mn,Fe,Bi,O
La,Ti,Zn,Cr,O
Na,Tb,Mn,W,O
Sr,Ca,Nb,Cr,O
Ca,La,Fe,Co,O
Ca,La,Cr,Sb,O
La,Zn,Cr,Co,O
La,Mg,Ti,Cr,O
Sr,Nd,Co,Ru,O
La,Mg,Fe,Sn,O
La,Mg,Mn,Cr,O
La,Mg,V,Fe,O
Sr,La,Fe,Co,O
La,Mg,Cr,Sn,O
Rb,La,Mn,W,O
Na,Nd,Co,W,O
Sr,Nd,Ni,Ru,O
Sr,La,Mn,Ru,O
Ca,Mn,Fe,Bi,O
La,Zn,Fe,Co,O
La,Mn,Zn,Cr,O
Ca,Sm,Mg,Nb,O
Ca,La,Fe,Bi,O
Ca,La,V,Fe,O
La,Mg,Fe,Sb,O
Na,La,Sc,Sb,O
Na,Co,Se,O,F
Ca,La,Fe,W,O
La,Mg,Cr,Mo,O
Sr,La,Mg,Ta,O
Na,Ca,Ta,Ti,O
K,U,Si,H,O
Sr,Pr,Zn,Ru,O
La,Zn,Fe,Sb,O
La,Zn,Fe,Bi,O
Sr,La,Mn,Fe,O
Sr,Ca,Mn,Ru,O
Sr,La,V,Fe,O
Ca,La,Fe,Sn,O
La,Mg,Cr,Ni,O
La,Zn,Fe,W,O
Ca,La,Mn,Fe,O
La,Mg,Ta,Fe,O
Na,La,Mg,W,O
Li,La,Nd,Sb,O
Sr,Co,Bi,Ru,O
Na,La,Mg,Te,O
Na,La,Mn,W,O
V,Cd,P,H,O
La,Zn,Cr,Fe,O
Ba,La,Ti,Fe,O
Ca,La,Mn,Cr,O
Sr,La,Cu,Sb,O
Sr,La,Fe,Co,O
Ca,Sc,Al,Si,O
Na,Nd,Mn,W,O
La,Mg,Fe,Co,O
K,Ce,Fe,Mo,O
Sr,Pr,Ni,Ru,O
Ca,La,Mg,Ta,O
Sr,La,Mn,Mo,O
Sr,La,Ti,Fe,O
Ca,La,Fe,Cu,O
La,Zn,Cr,Sn,O
Ba,Nd,Mn,Co,O
La,Mg,Fe,W,O
La,Zn,Fe,Ni,O
Sr,Nd,Fe,Ru,O
Ca,Nd,Ti,Mn,O
La,Zn,Cr,Bi,O
Ca,La,Cr,W,O
Sr,Nd,Zn,Ru,O
Ca,La,V,Cr,O
Sr,La,Fe,Co,O
La,Mg,Cr,Ag,O
Ba,La,Mn,Ru,O
Ca,La,Cr,Co,O
Sr,La,Co,Ru,O
Ba,Pr,Ta,Co,O
La,Mg,Cr,Fe,O
La,Mg,Cr,W,O
Sr,La,Ni,Ru,O
Sr,Ca,Ti,Mn,O
La,Mg,Mn,Fe,O
Ca,La,Mn,Nb,O
Ca,La,Cr,Bi,O
Ca,La,Fe,Sb,O
La,Zn,Cr,Sb,O
K,Ba,Bi,Te,O
Sr,Pr,Mg,Ru,O
Sr,La,Zn,Ru,O
Ca,La,Cr,Fe,O
La,Zn,Fe,Mo,O
Sr,Pr,Co,Ru,O
La,Zn,Fe,Mo,O
Sr,La,Cu,Ru,O
Ca,La,Cr,Ni,O
Sr,Nd,Mg,Ru,O
Ca,La,Fe,W,O
La,Mg,Fe,Ni,O
La,Mg,Ta,Cr,O
Sr,Ca,Ni,W,O
Pr,Co,Sb,Pb,O
Ba,Sr,Lu,Bi,O
Ca,La,Mn,Sn,O
Sr,La,V,Fe,O
Ca,La,V,Fe,O
Sr,La,V,Fe,O
K,Fe,Pb,O,F
Ca,La,Ti,Fe,O
Sr,Ti,Fe,Bi,O
Mg,Mn,Zn,Si,O
U,S,N,O,F
La,Mg,Fe,Ag,O
La,Ta,Zn,Fe,O
K,Na,Mo,W,O
Ca,La,Fe,Sb,O
Sr,La,Ti,Mn,O
Sr,Li,V,P,O
Sr,La,Ta,Mn,O
Sr,La,Mn,Fe,O
Sr,Nd,Co,Ru,O
La,Ti,Al,Pb,O
Ca,La,Cr,Sn,O
Ca,La,Mn,Nb,O
La,Co,Sb,Pb,O
Ba,La,Ti,Cu,O
Sr,La,Fe,Sn,O
Sr,La,Mn,Nb,O
Sr,Ca,Ti,Mn,O
Na,Ca,Al,O,F
Ca,La,Ti,Mn,O
La,Mg,Ti,Fe,O
Ca,Sc,Al,Si,O
Sr,La,Ti,Mn,O
Ca,La,Ti,Cr,O
Ca,La,Fe,Ag,O
La,Zn,Fe,Ag,O
Ba,La,Mn,In,O
Ca,La,Nb,Co,O
Sr,La,Mn,Sb,O
Sr,Ca,Ti,Mn,O
Ba,La,Ti,Cr,O
Ca,La,Ta,Fe,O
Ba,La,Ti,Cr,O
Ca,La,Ta,Cr,O
