Atom 1,Atom 2,Atom 3
H,Pb,I
La,Co,Si
Ag,S,I
Na,Be,O
Sc,Sn,B
Sm,Ti,O
Lu,In,N
Tl,Hg,O
Ho,Bi,Te
Rb,Mg,F
Sc,Co,C
Rb,Au,F
Ca,Si,Ir
La,Sc,O
Al,Ni,O
K,Mg,O
Tl,Cu,O
Pr,Ga,Pt
Dy,Sn,C
Al,Fe,C
Fe,Pb,O
Er,Ga,C
Sr,Ge,Ir
K,Cd,O
Tl,W,O
Yb,Eu,O
Ti,Fe,N
In,Pt,C
Tb,Pb,C
Cs,Ge,I
Ba,Pu,O
Rb,Pd,F
Ta,O,F
Cs,Hg,Cl
Ba,Zr,O
Tb,B,Rh
Sc,Al,C
Ce,In,C
K,Y,O
U,Hg,O
Ca,Be,O
Sm,Mn,O
Yb,Pt,O
Lu,Pb,C
Ce,B,Pt
Y,Si,O
Dy,Ru,C
Ba,Ir,O
Np,Os,O
Ba,Er,O
Eu,In,O
Mn,Cu,N
Rb,Al,O
K,Ge,Br
Y,Bi,O
Ba,P,N
Cu,Rh,N
Pr,Bi,O
Ba,Co,O
Dy,Pa,O
Y,Cr,O
Li,Si,Pd
Ba,Li,H
V,Pt,O
Gd,In,N
Sn,B,O
Lu,In,C
Mn,Rh,N
La,Fe,O
Cs,Hg,Cl
Rb,Te,O
Cu,Ag,F
La,Cu,O
K,Tc,O
Th,Be,O
Dy,Bi,O
Cs,Ca,F
Rb,Pd,Br
Sr,Bi,N
La,Pt,O
Li,Pa,O
Pa,Co,O
Sm,Ga,Pd
Sm,Pb,C
K,Mn,F
Ho,Er,O
Sr,Be,O
Mn,In,C
Rb,Ca,H
Cs,Cd,Cl
Ca,Sn,N
Al,Pt,C
Ba,Bi,P
Ba,V,O
Sb,O,F
Sb,Pb,O
Na,Re,O
Sr,Bi,Sb
Ca,Sb,As
Cr,Pd,N
Th,Co,Si
V,Pb,O
Eu,Fe,O
Cr,Mo,O
Dy,Tl,C
Ba,Bi,O
Tm,Al,C
Cs,Cl,O
Ca,V,O
Hf,Np,O
Tm,Sc,O
Ce,Al,Pt
Ba,Mg,In
Sc,Bi,O
Yb,Ti,O
Rb,Mn,O
Li,Be,O
Tl,Cu,Cl
Sc,B,Pt
La,Al,C
Mn,Cu,N
Th,Ta,N
Sr,Sc,O
Tl,B,O
Ti,Pb,O
Ce,V,O
Ag,S,I
Eu,Ge,O
K,Na,O
Sr,Ag,O
Na,V,O
K,Au,Cl
N,Cl,O
Rb,Hg,F
Ca,Sn,O
Al,V,O
Ba,As,P
K,Cu,Cl
Cu,N,F
Cd,B,O
Fe,Rh,O
K,Np,O
Np,Si,O
Pm,In,O
Ba,Cd,Ga
Ni,As,O
Np,Ti,O
Ca,As,N
Mn,In,F
Li,La,O
Y,Mo,O
Pu,Pb,O
Sr,Er,O
K,I,O
Sr,Sn,O
Y,Ga,C
Th,Si,Ir
Sm,Ga,Pt
Al,Bi,O
Cs,Ca,Br
Tl,Cu,F
Pu,Pt,O
Rb,Ag,Cl
Ba,Sb,N
Zr,B,Rh
In,Ni,N
Ba,Eu,O
Nd,Sb,O
Ba,Mo,O
La,B,Rh
Ba,Ti,O
Ca,Tc,O
Ca,Ge,O
Na,N,O
Eu,Al,Si
La,Os,N
Cs,Ca,Cl
Cs,Ca,Cl
Nd,Cr,O
Cs,Mg,F
Rb,Zn,O
Li,Lu,O
Dy,B,Pd
Rb,Np,O
Na,Cd,O
Sm,Si,O
Cs,Ir,O
Ca,B,O
Be,Ag,O
Lu,Al,C
Mn,Ir,N
Cu,C,O
Eu,Nb,O
Na,As,O
Hf,Mg,O
Hg,Rh,O
Cd,H,Cl
Ce,Al,C
Al,Co,C
Er,B,Pd
Sr,Sb,P
Sr,Sb,As
Ca,Bi,P
Ca,Bi,As
Ba,As,N
Ba,Sb,P
Ba,Mn,O
Mn,Cd,O
Ca,Ir,O
Cd,Si,O
Zn,Ir,O
Mg,Zr,O
Y,B,Pd
Yb,H,Pd
I,Cl,O
Ho,Ga,C
Cr,Pt,N
Na,Os,O
Rb,Os,O
Na,Mo,O
Sm,Tl,C
Mn,Ag,N
Sm,Al,N
Ti,Al,N
Sr,Si,Au
Ce,Si,Os
Cs,Eu,Cl
La,Ge,Ru
Tl,H,Pd
Sm,Si,Os
Sr,Si,Ni
Mn,N,F
Gd,Al,N
Ho,Si,Ir
La,Si,Ru
La,Al,Au
Eu,Si,Ir
Cs,Sn,Cl
La,Al,Cu
Cs,Sr,Cl
Mn,In,C
Sm,Fe,O
Ca,Cu,O
Sr,Eu,O
Rb,Au,Cl
Cs,Au,F
Ba,Ni,O
Na,Ti,F
Ti,Cu,O
Nd,B,Pt
Yb,Pb,O
Zr,Si,O
Zr,Tl,O
Ac,B,O
Ac,Si,O
Al,In,O
Co,B,O
Be,Sb,O
Ca,Zn,O
Ca,In,O
Ca,Hg,O
Co,Sn,O
Co,Rh,O
Cs,Ba,O
Cs,Te,O
Cu,Pd,O
Dy,Sn,O
Ga,Sn,O
Eu,Pb,O
Gd,Rh,O
Ho,B,O
In,Si,O
In,Sb,O
K,As,O
K,Zn,O
Li,Ru,O
Na,Al,O
Na,Ag,O
Mo,Pb,O
Na,Ni,O
Na,Yb,O
Nb,Bi,O
Nd,In,O
Ni,Pd,O
Np,Sn,O
Np,Ta,O
Pr,Cu,O
Pm,Er,O
Pm,Mg,O
Rb,Sn,O
Si,Mo,O
Sr,Li,O
Ta,Fe,O
Ta,In,O
Tb,Cu,O
Tb,Ni,O
Tb,Si,O
Yb,Sc,O
Yb,Zn,O
Pu,Ni,O
La,Sn,C
Al,Fe,O
Rb,Pa,O
Ga,Ni,C
La,Al,O
Sr,H,Pd
Tb,Bi,Te
Sr,In,Hg
Sm,Ga,Ni
Cr,W,O
Ce,Co,Si
Ca,Pd,C
Pr,Co,Ge
Dy,Rh,C
Zn,Ni,C
Fe,Pd,N
Sm,In,N
Ti,Pb,O
Tm,In,N
Mn,Ga,C
Pr,Pb,C
Co,Sn,C
Gd,B,Pd
Ca,Pb,N
Ce,Tl,C
Tb,In,C
Tm,Sn,C
Er,Sn,C
Ga,Bi,O
Ba,Sn,O
Ba,Tb,O
Dy,Al,C
Ho,Al,C
Dy,B,Rh
Ce,Al,O
Cd,C,O
Rb,V,F
Na,Mg,F
La,Co,O
K,Zn,F
Mn,Ga,N
Ag,S,I
Ti,Sn,H
Ag,S,I
Cs,Pb,Cl
Ag,S,I
K,N,O
Mn,Pt,N
Ce,Ti,O
Ba,Ta,O
Pr,Ti,O
Rb,Ta,O
Ba,Nd,O
K,Ti,O
Rb,Ag,F
Zn,Au,O
Sr,Ho,O
Ca,Ge,O
Zr,Os,O
Sm,Co,Si
Si,B,O
Li,Ce,O
K,In,O
Rb,Y,O
Rb,Na,O
Rb,Ho,O
Rb,Au,O
In,Cu,O
Pu,Ir,O
K,Ag,O
Na,Te,O
Na,Ti,O
Na,Tc,O
Eu,Ni,O
Si,Pb,O
Sm,Be,O
Sm,Ge,O
Sn,Pb,O
Rb,Tb,O
La,Be,O
La,Ga,O
Ag,B,O
Ti,P,N
Tl,Ag,Br
Tl,Co,F
Rb,Sn,F
K,Ge,Cl
Cs,Tl,F
Cs,Pd,Br
Cs,Ag,Br
Ba,Hf,O
K,Ag,Br
Tl,Ge,Cl
Tl,Ni,F
Al,Mo,O
Y,Cu,O
Al,Sb,O
Al,Ag,O
Zn,W,O
Ca,Fe,O
Pr,Al,C
Sr,As,P
Ca,Bi,As
Ca,Sb,P
Ba,Bi,As
Ca,As,P
Ca,Bi,Sb
Sc,Tl,B
Mg,Sn,O
Mg,Ti,O
Hg,Ir,O
Sn,Hg,O
Mg,Os,O
Cd,Os,O
Mn,Zn,O
Sr,Si,O
Hg,Ge,O
K,Cd,F
K,Mg,H
Li,Ca,F
Sn,Pd,C
Ba,Li,F
Ba,Sn,Au
Cs,S,O
Cs,Ge,Br
Eu,Ge,Ir
In,Co,N
Eu,Co,Ge
Mn,N,Cl
Ba,Ge,Ir
U,B,Rh
Ba,Si,Pd
Th,Si,Os
Ce,Co,Si
Yb,Rh,C
Sm,Sn,C
Mg,Cu,O
Ba,Ti,O
Li,N,O
Ca,Sb,P
Cu,Ge,I
Ca,Tl,F
Rb,Au,Br
Cs,Pd,Cl
Ca,P,N
Ac,Ga,O
Al,Au,O
Ba,Li,O
Ba,In,O
Ba,Tl,O
Be,V,O
Be,Re,O
Ca,Tm,O
Co,Sb,O
Cr,Rh,O
Cs,Os,O
Cs,Np,O
Cs,Th,O
Ga,Fe,O
Cu,B,O
Cu,Bi,O
Er,Be,O
Er,Ga,O
Ga,Si,O
Er,Zn,O
Fe,Ag,O
Li,Cd,O
Lu,Al,O
Cs,Pb,O
Nd,Np,O
Nd,Re,O
Pa,Os,O
Rb,Hg,O
Sc,Co,O
Sc,Si,O
Sn,Ge,O
Tb,Be,O
Th,Si,O
Ti,Cu,O
Yb,Ta,O
Tl,Si,O
Tm,Cr,O
U,B,O
Zr,B,O
Mn,Hg,N
Mg,Ni,B
Mg,As,N
Mn,As,N
K,Pa,O
Mn,Al,N
Gd,Tl,C
Gd,Ga,C
Ho,Sb,O
Ni,Ag,F
K,Ca,Cl
Co,N,F
In,Bi,Se
Eu,Ga,Ag
Eu,Cu,Si
Bi,Sb,Te
Ba,In,Pt
Sr,Tc,O
Sr,V,O
La,Mn,O
La,Fe,Ge
Yb,In,C
Nd,Pb,N
Pt,Pb,C
Ce,Sn,C
Mn,Ge,C
Nd,Sn,C
Sm,V,O
Y,Pb,C
Nd,In,N
Nd,Tl,C
Y,Rh,C
Ce,Rh,C
Sm,Co,O
Cs,Pb,Cl
Rb,I,O
Na,Cl,O
Ca,Sn,O
Mn,Zn,C
Y,B,Rh
Tl,Cl,O
Ba,Ti,O
Rb,Br,O
Ca,Bi,N
Ca,Sb,N
Ba,Sn,O
Sm,B,Pd
Nd,B,Rh
Lu,B,Rh
La,B,Pd
Y,Al,C
La,Al,N
Fe,Ni,N
Pr,B,Rh
Ca,Sn,O
K,Cr,F
Cs,Hg,F
V,Cu,O
Er,Al,C
Sr,Bi,N
Cs,Ge,Br
Cs,Pb,Br
K,N,O
La,Tl,C
Ba,Si,O
Ba,Pa,O
Sc,In,C
Ca,Sn,S
Zn,Bi,O
V,Ir,O
K,Pd,O
Sc,Cu,O
Fe,Rh,O
Lu,Rh,O
Li,Ho,O
K,Er,O
Eu,Al,O
K,Ru,O
Re,Bi,O
K,Pt,O
Nd,Ge,O
Rb,Cd,O
Rb,Bi,O
Na,Li,O
Eu,Sb,O
Np,Tc,O
Ce,Cu,O
Nb,Tl,O
Rb,Tm,O
Pm,Ru,O
Eu,As,O
Cs,Ca,O
Cs,K,O
Be,Zn,O
B,Pb,O
La,Mo,N
Y,Tc,N
Rb,Sn,Cl
Rb,Ag,Br
Cs,Sn,F
Cs,Ca,I
Rb,Tl,Br
Tl,Ag,Cl
Tl,Hg,F
Tl,Ge,F
Y,Sb,O
Al,Ni,O
Al,Co,O
Al,Bi,O
Mg,W,O
Tb,Al,C
Sc,B,Ir
Nd,B,Pd
Sr,As,N
Ba,As,P
Ba,Sb,As
Ba,Ge,O
Cd,Ir,O
Mg,Ru,O
Zr,Cd,O
Si,Hg,O
Mg,Rh,O
Zn,Ge,O
V,Zn,O
V,Hg,O
Ca,Mn,O
Dy,Al,N
Ba,Ru,O
Zn,Fe,C
Nd,Ga,C
Tm,Ga,C
K,Mo,O
La,Pb,C
Tb,Si,Rh
Pr,Fe,Ge
Sm,Si,Rh
Dy,Si,Ir
Ce,Si,Rh
Rb,Nb,O
La,Ni,O
Rb,Cr,O
Rb,V,O
Sr,Cu,O
Cs,Tl,Br
Nd,Sn,N
K,Al,H
Zn,Cu,O
K,Au,Br
Cs,Au,Br
Gd,Cr,O
Ba,Pd,O
Ag,Cl,O
Ag,Br,O
N,Cl,O
Ac,Al,O
Al,Si,O
Ac,Sc,O
Al,Pb,O
B,Te,O
B,Ir,O
Ba,Re,O
Ca,Sc,O
Co,Au,O
Cr,Ge,O
Dy,Cu,O
Cs,As,O
Cs,Nd,O
Cs,Cd,O
Cs,Rb,O
Er,Tl,O
Eu,W,O
Ge,Pd,O
Ho,Be,O
Hf,B,O
In,Os,O
La,Zn,O
Li,Ac,O
Cs,Tb,O
Cs,Ta,O
Cs,Yb,O
Mg,Zn,O
Mg,Hg,O
Pa,Be,O
Rb,Pu,O
Sb,Au,O
Sr,Mg,O
Ta,Ag,O
Tb,Er,O
Tb,Mg,O
Th,Mo,O
Ti,Te,O
Tl,Ge,O
Yb,Cu,O
U,Si,O
U,Re,O
U,Ir,O
Ba,Ni,Sn
Yb,Au,O
Cr,Fe,N
Tm,Ru,C
Mn,As,N
Rb,Eu,Cl
Co,Ag,F
Ho,Pb,C
Al,Ni,C
Ce,Si,Pt
Zn,N,F
Tl,Cd,N
Mg,Ag,F
Mn,Co,C
Ga,Fe,N
Ba,B,O
Tm,Bi,Te
Er,Si,Ni
Dy,Ga,Cu
Ba,Ge,Au
Ba,C,O
Ce,Sn,N
Ce,Ge,Ir
Nd,Al,O
Nd,V,O
Tb,In,N
Y,In,C
Gd,Pb,C
Pr,Co,O
Ce,Fe,Ge
La,In,N
Nd,Al,N
Yb,Tl,C
Th,Ru,C
Sr,Ru,O
Ce,Ga,O
K,Br,O
Tl,I,O
Rb,Br,O
Cr,Ga,N
Lu,B,Pd
Na,P,F
K,Ta,O
Ho,B,Rh
Mn,Pb,O
Mn,Al,C
Ba,Ti,O
Eu,B,Rh
La,Co,O
La,Al,O
In,Bi,O
Na,I,O
Fe,Bi,O
Rb,Cu,F
Mn,Tl,Cl
In,Si,Te
Cs,Pb,F
Cs,I,O
Nd,In,N
Sc,Ir,C
V,Au,N
Cs,Ge,I
Cs,Ge,Br
Eu,H,Pd
Ho,Sn,C
Sc,Ru,C
Eu,Cr,O
Eu,Zr,O
La,Ti,O
Ta,Sn,O
Ag,N,O
Pr,Ga,C
Cs,Yb,F
Eu,Sn,O
Ac,Ti,O
Ac,Cr,O
Ca,Sn,S
Sr,Os,O
K,Au,O
K,Nb,O
Zr,Al,O
Li,Sm,O
Sb,Te,O
Lu,V,O
Ge,B,O
K,Si,O
Rb,W,O
Rb,Pd,O
Rb,In,O
Rb,Ag,O
Pr,Nb,O
Na,Pd,O
Na,Ru,O
Sc,Sn,O
Pb,Au,O
Cs,Ge,O
Co,Te,O
Li,Cl,O
La,W,N
Ba,Ti,O
Y,Tl,C
Ca,Tl,F
Cs,Sc,Br
Cs,Na,F
Rb,Se,Br
Y,Re,N
In,Pb,Cl
Rb,Pb,Cl
Tl,Cd,F
Y,Mn,O
Al,Fe,O
Y,V,O
Y,Ni,O
Ca,W,O
Sr,Sb,N
Sr,P,N
Sr,P,N
Ba,Sb,N
Sr,Bi,Sb
Sr,Sb,P
Ba,Si,O
Ca,Ru,O
Hf,Hg,O
Ti,Hg,O
Ba,Rh,O
Ca,Hf,O
Zn,Si,O
Zn,Rh,O
Zr,Zn,O
Cd,Ge,O
V,Cd,O
Sr,Rh,O
Cs,Be,F
Er,Al,N
Ho,Al,N
Lu,Al,N
Ni,Sn,N
Sc,Pd,C
Cr,Sn,N
Sr,Ge,Pt
Nd,Si,Os
Ni,N,F
Ce,Si,Ir
Nd,Si,Ru
Ce,Al,Cu
Gd,Si,Ir
La,Si,Os
U,Ga,Ni
Cs,Yb,Cl
Zr,Ru,C
N,Cl,O
K,C,O
Sc,Rh,C
Sm,Ag,O
Ba,Cu,O
Y,Ag,O
Tl,Ni,O
Sm,Ni,O
K,Au,F
Yb,Sn,O
Sn,C,Cl
Ac,Mg,O
Ba,Al,O
Ba,Ca,O
Ba,Pt,O
Be,Pd,O
Ce,Pu,O
Cs,Pa,O
Ga,Ge,O
Ga,B,O
Er,Ta,O
Eu,Lu,O
Eu,Tc,O
Gd,Si,O
Gd,Er,O
Hf,Be,O
In,Pt,O
Ho,Si,O
K,Ho,O
K,Co,O
K,Rb,O
Li,Cr,O
Li,Fe,O
Li,Mg,O
Li,Yb,O
Cs,Au,O
Mg,Re,O
Pm,Be,O
Pu,Ga,O
Pm,W,O
Sr,Ta,O
Sr,Yb,O
Sr,Zn,O
Pu,Mg,O
Pu,Sb,O
Sb,Pd,O
Sr,Pd,O
Tb,Os,O
Tb,V,O
Tc,Sn,O
Yb,Sn,O
V,Co,O
Zr,Be,O
Cs,Yb,H
Yb,Ru,C
Th,B,Rh
Lu,Ga,C
Sm,Sn,N
Lu,Ru,C
Sr,Pu,O
Sm,Sb,O
Y,Bi,Te
Sr,Zn,In
Sr,C,O
Nd,Ga,Pt
Nd,Ga,Ni
La,Be,Al
Ge,N,Cl
Al,O,F
Pr,Ge,Rh
Ce,Si,Ru
La,Ge,Rh
Nd,Co,Ge
La,Cr,O
Sc,In,B
La,Co,Ge
Ba,Ti,O
Gd,Rh,C
La,In,B
Nd,Pb,C
Dy,Ga,C
Ce,In,C
Er,Tl,C
Sc,Pb,C
Ce,Co,Ge
Tm,In,C
Fe,Sn,C
Hf,Pb,O
Tm,Pb,C
La,In,C
Ba,Pb,O
Pr,B,Pd
Ti,Al,C
Sr,Zr,O
Ce,Ga,O
Na,Ta,O
Sc,Tl,C
Sr,Ru,O
Ba,Ti,O
Ce,B,Rh
Pu,Rh,C
Sr,Ti,O
K,I,O
Rb,Fe,F
K,Fe,F
Ba,Pb,O
K,Cr,F
Sc,B,Rh
Tb,Al,C
Nd,In,C
Ba,Li,H
Ba,Ti,O
Mn,Zn,C
Rb,Yb,F
Sm,Al,C
Sm,Rh,C
K,Nb,O
Ba,Os,O
Pr,Al,O
Pa,Tl,O
Ac,Cu,O
Cs,U,O
Yb,Ge,O
Ca,Sn,S
Ca,Au,N
Zn,Ga,O
Ta,Be,O
U,Al,O
Tm,Be,O
Pa,B,O
Ni,Pb,O
Rb,Sm,O
Rb,Pt,O
Rb,Fe,O
Rb,Ni,O
Rb,B,O
Rb,Dy,O
Rb,Ac,O
Nd,Mg,O
Eu,Pt,O
Eu,Re,O
Mg,Pb,O
Na,Mg,O
Si,Pd,O
Sr,Al,O
Ho,Ge,O
Ti,Tl,N
Rb,Sn,Br
Rb,In,Cl
Rb,Cu,Br
Li,Sn,Cl
In,Ge,Cl
Cs,In,I
Cs,In,Br
In,Sn,Cl
Mn,Tl,F
Al,Sn,O
Ti,Al,O
Y,Co,O
Ca,Co,O
Al,Cu,O
Y,Sn,O
Al,Cr,O
Al,W,O
Er,Al,C
Sc,B,Pb
Ca,P,N
Sr,Sb,As
Ba,Sb,As
Sr,Bi,As
Ba,Bi,Sb
Sr,Bi,P
Ca,Bi,Sb
Sr,Bi,As
Ti,Cd,O
Sr,Ir,O
Cd,Rh,O
Cd,Sn,O
Mg,Si,O
Sr,Ge,O
Hf,Cd,O
Cu,Ni,N
Ga,Pt,C
Ge,Pb,O
Mg,Ni,H
Mn,Pd,N
Sr,Al,H
Zr,Pb,O
Y,Si,Ir
Eu,Si,Rh
Nd,Co,Si
Hg,N,Cl
Eu,In,O
Cs,Pb,I
Ca,Si,Pt
La,Ge,Os
Mg,Ni,C
Ba,Ge,Rh
Pr,Rh,C
K,V,O
Sm,Cu,O
Eu,Ag,O
Cs,Tl,Cl
Mg,Sb,N
Nd,Pb,N
Cs,Nb,O
Eu,Mn,O
Pr,B,Pt
Ca,Ge,N
Zr,Ti,O
Al,Ir,O
Al,Ag,O
B,Pd,O
Ba,Be,O
Ba,Cd,O
Ba,Tm,O
Be,Si,O
Bi,Pt,O
Ca,Ho,O
Cr,Cu,O
Ce,Ta,O
Co,Mo,O
Eu,Er,O
Cu,Hg,O
Er,Cu,O
Ga,Te,O
Eu,Be,O
Eu,Tm,O
Eu,Au,O
Eu,Ir,O
Gd,Zr,O
In,As,O
K,Au,O
K,Mn,O
K,Zr,O
Li,Ni,O
Li,Dy,O
Li,Pm,O
Lu,Ga,O
Lu,Pd,O
Lu,Ge,O
Mg,Be,O
Mg,B,O
Mg,Bi,O
Mn,B,O
Np,Al,O
Na,Ca,O
Na,Pb,O
Pr,Pb,O
Pm,Eu,O
Pr,Hf,O
Sr,Tm,O
Pu,In,O
Pu,Ti,O
Rb,Rh,O
Si,Ag,O
Sr,Dy,O
Sr,Pt,O
Sr,Re,O
Th,W,O
Ti,Be,O
Yb,Si,O
Yb,Re,O
Yb,Pu,O
Yb,Pd,O
Tl,Tc,O
Zr,Ni,O
Ce,Al,O
Cu,Pd,N
Ca,B,Pd
Ce,Sn,N
Gd,Sn,C
Cs,Tm,H
Ca,H,Pd
Dy,Sb,O
Rb,Sr,Cl
Rb,Pb,Cl
Mn,Sn,H
Fe,Co,N
Cs,Sr,Cl
Sm,Ga,Cu
Sm,Bi,Te
Nd,Ga,Cu
La,Ga,Pd
In,Cu,O
Eu,Si,Ni
Ca,Ga,Pt
Ba,Ga,Sn
La,Ta,O
Ni,Sb,N
Nb,Ag,O
Sr,Hf,O
K,Ag,F
Mn,Zn,N
Nd,Rh,C
Ba,Fe,O
Tb,Tl,C
Dy,In,C
Eu,B,Pd
Nd,In,C
Mg,Co,C
Sn,Pt,C
Gd,In,C
Tb,Sn,C
Pr,In,N
Pd,Pb,C
Rb,Pb,F
Ba,Pb,O
Ti,Cd,O
Nd,Sn,N
Cs,Au,Cl
Cs,Hg,Br
La,Si,Ir
Tl,Br,O
Tb,B,Pd
Ba,Sn,Pt
Sr,Ni,Sn
Dy,In,N
Na,Nb,O
Rb,Ca,F
Sm,B,Rh
Fe,Pt,N
Sr,Fe,O
K,Cl,O
K,Cu,F
Rb,Mn,F
Ba,Ce,O
Fe,Ni,N
Er,Rh,C
Rb,Ge,I
Mn,Rh,N
Cs,Sn,I
Li,Ti,Cl
K,Hg,F
Sr,Sb,N
Cs,Eu,F
Ba,Np,O
Sc,Ga,C
Ac,Fe,O
Li,Tc,O
Eu,Si,O
Eu,Ru,O
Yb,Tm,O
Eu,Mg,O
Sc,V,O
K,Be,O
Lu,Si,O
La,Cd,O
K,Sc,O
Ru,Pb,O
Nd,Bi,O
K,Rh,O
Rb,Sr,O
Rb,Sb,O
Rb,Gd,O
Rb,Er,O
Rb,As,O
Si,Sn,O
Te,Pd,O
Rb,Yb,O
K,Tl,O
Tl,Fe,F
Rb,Pd,Cl
Rb,In,Br
Rb,Ca,Cl
K,Hf,O
Cs,Sr,Br
Cs,Pd,Br
Rb,Ca,I
Mg,Ag,F
Ni,Bi,O
Ni,Ag,F
Rb,Tl,F
Tl,In,Cl
Mg,Tl,F
Tl,Zn,F
K,Ca,Br
Tl,Pd,F
Ba,Bi,N
Sr,As,P
Ba,Sb,P
Hf,Zn,O
Mg,Ir,O
Ca,Rh,O
Cd,Ru,O
Hg,Ru,O
Mg,V,O
Cd,Ni,N
Sc,B,Pd
Er,In,C
Ho,In,C
Sm,Ga,C
Sn,C,Cl
Ba,Ge,Pd
Sr,Zr,O
Nd,Al,Cu
Pr,Al,Cu
Th,Si,Rh
Nd,Si,Ir
Tm,Rh,C
Eu,Co,O
La,Ag,O
K,Cr,O
Gd,Al,Cu
Ca,As,P
Ca,Co,O
Ba,Sn,Pd
Cs,Si,I
Rb,U,O
Gd,Al,O
Al,Sb,O
Ac,Ni,O
B,Pt,O
Ba,Sc,O
Ba,Yb,O
Be,Ge,O
Be,Cd,O
Be,Cu,O
Ca,Y,O
Ca,La,O
Ce,Be,O
Ce,Mn,O
Cs,La,O
Cs,Pr,O
Cs,Sr,O
Cs,Ti,O
Ga,Ni,O
Cu,Pb,O
Eu,Pd,O
Gd,Be,O
Ge,Bi,O
K,Al,O
K,Tm,O
K,Yb,O
K,Dy,O
Li,Tm,O
Li,Er,O
Li,Pr,O
Lu,Re,O
Cs,Eu,O
Mg,Tl,O
Mg,Al,O
Ni,Pt,O
Ni,Sb,O
Na,Ge,O
Np,Hg,O
Np,Mo,O
Pr,Be,O
Rb,Ge,O
Sr,Sb,O
Th,Pd,O
Yb,Tc,O
Yb,In,O
Yb,Ni,O
V,Bi,O
Yb,Be,O
Al,Fe,H
Cd,Ni,C
La,Rh,C
Ho,Ru,C
Tb,Ga,C
Mn,Au,N
Cs,Pd,F
Rb,Cd,N
Yb,Al,Au
Sr,In,Au
Sm,Al,Cu
Nd,Ga,Pd
Nd,Ga,Ag
Eu,Ga,Cu
Dy,Sb,Te
Eu,Zn,In
Ce,Ga,Ni
Ce,Ga,Cu
Ce,Be,Al
Zr,Be,O
Ce,Ge,Rh
Zn,Ag,F
Sr,Mo,O
La,V,O
Pr,Cr,O
Eu,Ge,Pt
Sm,In,C
Ca,Pb,O
Ti,In,C
Zr,Pb,O
Er,Pb,C
Ce,Cr,O
Ce,Pb,C
Na,V,F
Pr,Al,N
Eu,Rh,C
Yb,Ga,C
V,Ru,C
Nb,Ru,C
Tm,Tl,C
Rb,Cl,O
Na,Be,H
Sc,In,N
U,Ga,Ni
K,Mg,F
Rb,Au,O
Li,Eu,H
Ca,Zr,O
Tm,B,Rh
Tl,I,O
K,V,F
K,Ni,F
Cs,Sm,Cl
Nd,Al,C
Sr,Mg,In
Fe,Pt,N
Cs,Tm,Cl
Gd,Al,C
Ca,Ti,O
Ba,Ti,O
H,Br,O
Cs,Ca,H
In,P,F
Rb,N,O
Rb,Cl,O
Yb,Al,O
Ni,Ge,C
Cs,Cd,F
Ta,Tl,O
K,Pu,O
Ce,Fe,O
Ac,Mn,O
U,Tl,O
Ca,Sn,S
Zn,B,O
Yb,Mg,O
Si,B,O
Si,Bi,O
Np,Be,O
Re,Te,O
Rb,Re,O
Rb,Ir,O
Rb,Mo,O
Li,Ca,O
Rb,Ca,O
Li,Y,O
Mg,Mn,O
Np,B,O
Ni,Mo,O
Sm,Ga,O
Sr,Ca,O
Sr,Ge,Pd
K,Bi,O
Pr,Ga,O
Cs,Bi,O
Cs,Gd,O
Dy,Al,O
Na,Br,O
Tl,Ge,Br
Rb,Ca,Br
Mn,In,F
Cs,Sr,I
K,Ag,Cl
K,Ca,Cl
Mn,Al,O
Yb,B,Pd
Ca,Bi,N
Ca,Sb,As
Ca,Sb,N
Ba,P,N
Ba,Bi,N
Ba,Bi,P
Ba,Bi,Sb
Ba,As,N
Mg,Ge,O
Hg,Os,O
Ca,Os,O
Zn,Sn,O
Cd,Co,N
La,Pd,C
Y,Pd,C
Tb,Al,N
Ti,Sn,O
Tm,Al,N
Y,B,Pt
Y,Pt,C
Zn,Co,C
Ca,Tl,N
Lu,Tl,C
Lu,Sn,C
Eu,Ge,Pd
Sn,C,Cl
Tb,Co,Si
Zn,Ni,N
Pr,V,O
Gd,Co,Si
Eu,Ge,Rh
Lu,Rh,C
Ce,Al,Au
Nd,Si,Rh
Eu,Cu,O
Mg,Co,O
Mn,Hg,O
Ce,Al,N
Pr,Al,N
H,C,I
La,Ga,O
Ca,Sn,S
Sr,Nd,O
Al,V,O
B,Au,O
Ba,Dy,O
Ba,W,O
Be,Hg,O
Be,Au,O
Be,B,O
Be,Pt,O
Be,Pb,O
Ca,Mg,O
Cr,Tc,O
Dy,Rh,O
Dy,In,O
Cs,Pd,O
Cs,Mo,O
Cs,Ru,O
Ga,Fe,O
Er,Ir,O
Fe,As,O
Eu,Mo,O
Gd,Cu,O
Gd,Th,O
Hf,Th,O
Ge,Te,O
Ho,Cu,O
K,Te,O
K,Sr,O
La,Mg,O
K,Os,O
La,Zr,O
La,Sn,O
Li,B,O
Li,Ge,O
Li,Al,O
Li,Eu,O
Li,Si,O
Lu,Np,O
Cs,Sb,O
Mg,In,O
Na,Co,O
Na,Fe,O
Na,In,O
Na,Si,O
Na,Zn,O
Nd,Ta,O
Pa,Si,O
Pa,Ta,O
Rb,Mg,O
Sr,Au,O
Tb,Te,O
Th,B,O
Th,Cu,O
Th,Re,O
Yb,Ga,O
U,Ti,O
V,Os,O
Yb,Pb,C
Rb,Cr,F
Mn,Ag,F
Al,Fe,B
Pr,Sn,N
Er,Ru,C
La,Sn,N
Fe,Sn,O
Cu,Ru,N
U,O,F
Pr,Ga,Pd
Lu,Bi,Te
La,Ga,Pt
K,I,O
Eu,Si,Ni
Na,W,O
Pu,Ru,C
Gd,B,Rh
Ce,B,Pd
Sr,Cr,O
Nd,Co,O
Mn,Ni,N
Pr,Sn,C
La,Ge,Ir
Gd,Co,O
Ho,Tl,C
Cr,Rh,N
Ta,Ru,C
Yb,Sn,C
Ba,Ge,Pt
Ho,Rh,C
Cs,Ge,Cl
K,Mg,H
Li,Br,O
Cs,Br,O
Ba,Nb,O
H,Cl,O
K,U,O
Sr,Hf,O
Ba,C,O
Ba,Pr,O
K,Ca,F
Mn,Sn,N
Cs,Fe,F
K,Co,F
Fe,Rh,N
Ca,Si,O
Sr,Zr,O
H,Br,O
Nd,Ga,N
Cd,C,O
Rb,Cd,F
Pr,Tl,O
Cs,Sr,F
Ce,Ni,O
Sr,Hg,O
Sr,In,O
Sc,Pd,O
Sc,As,O
K,Ba,O
K,Re,O
Ho,Sn,O
Re,Sb,O
Rb,Tl,O
Rb,Ru,O
Rb,Cu,O
Rb,Ba,O
Rb,Be,O
Pu,B,O
Nd,Be,O
Na,Pu,O
Na,Sr,O
Eu,Os,O
Sr,As,O
Y,Os,O
Sm,Pu,O
K,Tb,O
Sr,Tl,O
K,Ca,O
B,Os,O
Cs,Sn,O
Ca,Tl,Cl
Tl,Ag,F
Rb,Sr,Cl
Rb,Pb,Br
Cs,Tl,F
Cs,In,F
Ba,Zr,Se
K,Cr,Cl
Tl,Ni,O
Y,Ti,O
Y,Fe,O
Tm,B,Pd
Sr,Bi,P
Sr,As,N
Ca,Bi,P
Ba,Bi,As
Zn,Os,O
Zr,Hg,O
Ti,Zn,O
Hf,B,Rh
La,Pt,C
Mg,Zn,C
Sc,Pt,C
La,B,Pt
Yb,Ni,H
K,W,O
Y,Sn,C
U,Si,Ir
Tb,Si,Ir
Sm,Si,Ir
Th,Si,Ru
Ba,Si,Pt
La,Si,Rh
Mg,Fe,O
Rb,Ta,O
Na,Cr,O
Sm,Al,N
V,Te,O
Nb,O,F
Ac,Pd,O
Ac,V,O
B,Sb,O
Ba,Au,O
Be,Bi,O
Ba,Zn,O
Be,Os,O
Be,In,O
Bi,Mo,O
Cs,Na,O
Cs,Sm,O
Er,Al,O
Eu,Hg,O
Ho,Rh,O
K,Pb,O
K,Li,O
K,Lu,O
K,Gd,O
Li,Nd,O
Li,Gd,O
Cs,Tl,O
Mg,U,O
Mg,Mo,O
Nb,Fe,O
Np,Ru,O
Pa,Hg,O
Sr,W,O
Tl,Ga,O
Yb,W,O
Yb,Cr,O
Yb,Nb,O
Tm,Ge,O
U,Pd,O
U,Be,O
U,Tc,O
Ce,Ru,C
Yb,Al,C
Rb,Fe,Cl
Al,Fe,N
Mn,Sb,N
Co,Ag,F
Nb,B,Rh
Ca,Ni,H
Rb,Ca,Br
Mn,As,N
K,Cd,N
Yb,Ga,Cu
Y,Ga,Cu
La,Ga,Cu
K,Cl,O
Ge,Sb,Te
Ce,Al,Pd
Ce,Al,Cu
Ba,Zn,In
Ba,Bi,O
Sc,Sn,C
Sm,Cr,O
Pr,In,C
Dy,Pb,C
Sr,Pb,O
Mn,Sn,C
Pr,In,O
Ti,In,N
Cr,Pb,O
Nd,Tl,N
Sr,Li,H
Cs,Sn,Br
K,Br,O
K,I,O
Sr,Sn,Pd
Ho,In,N
Er,In,N
Yb,B,Rh
Ho,B,Pd
Er,B,Rh
K,Nb,O
Ti,Tl,C
Cr,Ir,N
K,Nb,O
Tb,Rh,C
Li,U,O
Sr,Sn,O
Cs,Yb,Br
Cs,Cd,Br
Fe,Bi,O
Sr,Nb,O
Pr,Tl,C
Ca,As,N
Eu,Hf,O
Eu,V,O
Ba,Th,O
Na,Pa,O
K,Pd,F
Lu,U,O
Eu,Ni,Ge
Rb,Li,O
Ni,Ru,O
Pa,Ag,O
Tb,Ge,O
Nd,Ga,O
Be,Ga,O
Cs,Mg,O
La,W,N
La,Re,N
Ba,Hf,S
In,Sn,Br
Cs,Se,Br
Y,W,O
Y,Ag,O
Eu,Fe,O
La,Co,N
Mn,Al,O
Cr,As,C
V,B,O
K,Cl,O
La,Al,O
Cs,In,F
Rb,Pb,F
Cs,Pb,F
Mn,Cu,O
Li,Mn,F
Si,P,N
La,Mn,O
Rb,Co,Br
In,Fe,O
K,Ag,Br
Tl,Ni,O
Na,Fe,F
Y,Sc,O
Ce,Sb,Pd
Sm,Mg,Se
Ag,S,I
Sc,Ga,O
Ge,H,Cl
Cs,P,S
Mg,Si,O
Sr,Hf,O
Al,B,O
La,Ga,O
Nd,Lu,S
Ni,P,S
Ag,As,O
Sm,Mg,S
Mg,P,Se
Li,V,F
Yb,Nd,S
Mg,Sn,O
K,Cr,F
Sr,Mo,O
Dy,B,Mo
Cr,P,N
Y,Al,O
Ca,Tl,I
Mn,Sn,O
Li,Ta,O
Ga,B,O
Na,Cd,F
Ba,V,Se
Ca,In,I
La,Al,O
Bi,Sb,O
V,N,Cl
Mg,C,O
K,Ge,Br
Al,S,Br
K,Tl,Br
Ce,Mg,Se
Ca,Pt,O
K,Mn,F
Li,Fe,F
Li,Cu,F
Ca,Sn,S
Cs,Sn,S
Zr,Mn,O
Rb,Se,O
Yb,Pr,S
Yb,Pr,Se
La,V,Ge
Al,Co,O
Yb,Nd,Se
C,S,N
Ba,Zr,Se
K,Sb,O
Al,B,C
Rb,Mn,Br
Mg,C,O
Ba,Tb,O
Ba,C,O
V,O,F
Y,B,O
Cs,Tl,I
Mg,In,S
Cs,Cr,Cl
Ho,B,O
Li,Fe,O
La,Co,O
Cs,Cr,I
Zr,Al,N
Sr,Ti,O
Cu,C,O
Hg,Bi,O
Yb,Ce,S
Ho,Mg,Se
Y,Sb,O
Rb,In,I
Rb,Sr,Cl
Ag,S,Br
Zr,Zn,N
Zn,Si,O
Zn,Pb,O
V,P,N
Hf,Al,N
Ni,P,Se
Li,Ca,Al
Li,I,O
La,I,O
Sr,Ti,S
Sr,Zr,O
Sn,N,F
Ba,Cl,O
Dy,Ni,Ge
Zn,Sn,S
Ba,Ni,Cl
Cu,Ge,I
Ca,Sn,S
Yb,Bi,O
K,In,Cl
Rb,Tl,I
Rb,In,Br
Li,V,O
Al,Cu,O
Tl,Sn,I
Cs,Tm,Br
Cs,I,O
Rb,Fe,Cl
Sr,Rh,O
Pm,Mg,S
Dy,Mg,Se
V,Ni,O
Co,Ni,O
Cu,Si,O
La,Mn,O
Ba,Pb,O
Ba,Pb,O
Cs,V,Br
Ag,Bi,O
Na,Mn,Cl
C,Cl,F
Ba,Tb,O
Cs,Mg,Br
La,Ga,O
Ca,Ti,O
Li,Ta,O
Ba,Ta,S
Cd,C,O
Na,Nb,O
Na,N,O
Sr,Co,O
Cs,Mn,I
Li,I,O
Mn,Cl,O
Fe,Bi,O
Sr,Hf,O
Fe,Bi,O
K,Cr,F
Cs,Ag,F
Cs,Au,Se
In,Si,Te
Rb,Cr,Cl
Tl,Co,Cl
Rb,V,Br
Ta,Ag,S
Cs,Sn,Se
K,Cu,F
Cs,Hg,Cl
Ba,Se,O
Ti,Mn,O
Ba,Nd,O
Er,Bi,O
La,Bi,O
Lu,Al,O
Li,Nb,O
Ag,Sn,O
Lu,B,O
Li,Ag,F
Ba,C,O
Li,Sb,O
La,Yb,S
Tl,P,S
Yb,Ge,O
Li,Mn,F
Mn,P,Se
Sc,B,O
La,V,N
La,Mo,N
La,W,N
Ca,Mo,N
Rb,Ca,Cl
Cs,Sr,Cl
K,Ca,Br
Al,Bi,O
Al,Sb,O
Sr,Zr,O
Zn,Ge,O
Na,Ni,F
Li,Nb,O
Eu,Ga,Pd
Pr,Lu,S
Tm,Ni,Ge
Li,Be,H
V,Ge,N
Li,Ca,H
Sr,Ga,Pd
Fe,N,Cl
Tb,Ga,O
Sc,Ti,O
Sn,Ge,O
K,In,Br
Cs,In,Cl
Cs,Pb,Br
Rb,In,H
Li,Mn,F
Cu,As,O
Cs,As,O
Al,Rh,O
K,Mn,F
C,N,Cl
Ba,Cl,O
Ho,B,Mo
Yb,In,Br
K,P,O
Cs,Ta,S
Ho,Mg,S
Dy,Mg,S
Ce,Mg,S
Lu,Mg,Se
Pm,Mg,Se
Na,Mg,F
Pr,Cr,Ge
Pr,Ni,Ge
Cs,Sn,Se
Ca,Ge,O
Fe,C,O
Ti,Fe,O
Cr,B,O
Mn,Co,O
Pb,Se,O
Pb,S,O
Mn,Ga,C
Cs,V,I
Cs,Ti,Cl
Cs,I,O
Li,Sc,I
Zn,P,S
Ce,Al,O
Ba,Nb,S
Sr,C,O
Na,Sb,O
Sr,Zr,O
Er,B,Mo
Ba,Te,O
Nb,I,O
Ta,Ag,S
Gd,B,O
Ba,Bi,N
K,Tm,I
Cs,Ni,F
Cr,Ge,N
K,N,O
Ba,Pr,O
Ba,Pr,O
La,Al,O
In,B,O
Sc,U,S
Li,V,F
Li,V,F
Yb,Ti,O
Sc,Bi,O
Li,Fe,F
Cs,Cl,O
Y,Lu,O
Mn,Ag,O
Li,Fe,F
Li,Ag,F
Er,B,O
Mn,Tl,O
Nd,Zr,O
Li,Fe,F
Ca,Bi,O
Rb,Cu,F
Y,W,N
La,W,N
La,Mo,N
La,Re,N
La,Mn,N
La,Tc,N
Ca,W,N
La,W,N
In,Pb,Cl
Al,Co,O
K,Co,Cl
Ba,Zr,O
H,C,Br
Ba,Ta,Se
La,Fe,O
Ca,Rh,O
Er,Ni,Ge
Mn,N,F
Nd,Ni,Ge
C,I,N
Gd,Ni,Ge
Th,Ta,N
Lu,Ni,Ge
Sn,P,S
Cu,C,O
Cs,Ni,Br
C,N,Cl
K,Cu,F
Ca,B,O
Tb,Ni,Ge
Ce,Lu,S
Cs,In,I
K,Cu,H
Rb,Bi,F
Th,Mn,Se
Ba,Sn,O
Al,Pd,O
K,Cr,F
Co,C,O
K,Sr,I
Cs,Br,O
Tl,Ni,Cl
Ce,Lu,S
Rb,Sm,I
Tl,V,Cl
In,Ga,S
La,Mg,Se
Er,Mg,Se
Er,Mg,S
Nd,Mg,Se
Pr,Mg,S
Tm,Mg,S
Zn,Sb,N
Co,Ni,O
Sr,Co,O
La,Mn,O
Zn,Sn,O
Rb,N,O
Fe,B,O
Pr,Ni,O
Mn,Sn,O
Cu,Ge,O
Co,C,O
Cs,N,O
Fe,Bi,O
Cs,Ni,Cl
Li,I,O
Cs,Ti,Br
Na,Bi,O
Cs,Cr,Br
Rb,Co,Cl
Rb,Ti,Cl
Cs,Cr,Cl
Zr,Ni,H
Cr,Ge,C
Mg,Ge,O
Al,Si,Te
Ba,C,O
La,Cu,O
K,Cu,F
Ca,C,O
Ca,Sn,O
Ba,V,S
Ca,Ti,O
Rb,Cu,Cl
Cs,Au,Br
Ba,Tb,O
Ti,Zn,O
Cs,Cu,Cl
Ba,C,O
Rb,Bi,F
Ca,C,O
Li,N,O
Al,In,O
Mg,Fe,O
Ga,Bi,O
Yb,Al,O
V,O,F
Ti,Pd,O
Lu,B,O
Sm,B,O
Tm,B,O
Lu,Bi,O
Ti,Al,O
Sc,Ag,O
Al,Co,O
Li,Fe,F
Li,Mn,F
Cd,Ge,O
Y,Ni,Ge
Ca,Sn,S
Ba,Na,N
Nd,V,Ge
Ta,Ag,O
Ca,Mo,N
La,Os,N
Ca,Tc,N
In,Sn,Br
Rb,Os,O
Rb,Pb,Br
Rb,Tl,Br
Tl,Ge,F
Tl,Ag,Cl
Rb,In,Cl
Al,Fe,O
Ti,Al,O
Y,Sn,O
Al,Ni,O
Al,Ag,O
Al,W,O
Cs,Pb,Br
Ti,Zn,N
Y,Si,Ni
Fe,Bi,O
Cs,Tl,F
Eu,Nb,O
Li,Os,O
Ti,Zn,O
Eu,H,O
Na,Ca,H
V,Ga,N
Sr,Tc,O
Nb,Cr,N
U,Fe,Se
Cs,Fe,Br
Ho,Ni,Ge
Sn,P,S
Ca,Sn,S
Tm,Ga,O
K,Tl,F
Cs,Tl,Br
Rb,In,Cl
Rb,Tl,Cl
Mn,Ga,O
La,Yb,Se
Th,Ta,N
Ca,Si,O
K,Mn,F
Mn,Ge,N
K,V,Cl
K,Ca,I
Rb,Sr,I
Rb,Sc,Cl
K,Yb,I
Pr,Lu,S
Nb,Ag,O
Pr,Mg,Se
Tb,Mg,S
Yb,Mg,S
Y,Mg,Se
Yb,Mg,Se
Tb,Mg,Se
Nb,W,N
La,Co,O
Cs,Pb,Cl
Mn,Ni,O
Ce,Al,O
In,Ga,S
U,Mn,Se
La,Ti,Ge
Ba,Pb,O
Cr,As,N
Mn,Ge,C
Ba,Bi,O
K,Cl,O
Rb,Ni,Br
Cs,Au,I
V,Hg,O
Hg,As,O
Sc,Si,Ni
Rb,N,O
Ag,P,S
K,Cu,F
Rb,P,S
Rb,Au,I
Rb,Ti,Br
Nd,Al,O
Cs,Cr,Cl
Mg,P,S
La,B,O
Li,Fe,O
Dy,B,O
B,Sb,O
Pr,Ti,O
Cd,Sn,O
Er,Bi,O
Zr,Mn,O
Tl,Co,O
Li,Sb,O
Li,Mn,F
Sr,Ni,O
Y,Bi,O
La,Bi,O
Fe,Ni,O
Cd,Co,O
Rb,Ag,F
Ag,Ge,O
Li,U,O
In,Ga,O
Li,Re,O
K,P,S
Sm,Ni,Ge
Ca,Sn,S
Pr,V,Ge
La,Mn,N
Rb,Se,Br
Cu,Ag,F
Ni,Ag,F
Na,Os,O
Y,Ti,O
Y,Bi,O
Y,W,O
Sm,Si,Ni
Cr,P,C
In,Bi,S
Cs,Dy,Br
Eu,Ti,O
Ca,C,O
K,I,O
V,P,C
Cd,N,Cl
Cu,Pb,Br
Tm,Al,O
K,Tl,Cl
Rb,Tl,F
Rb,In,F
Li,Fe,F
Ag,Pb,O
Fe,Bi,O
Zr,Co,H
Ca,Tl,Br
Cs,Sm,I
Ni,N,Cl
V,Ni,O
Rb,Dy,I
Sr,Rh,O
Ti,Al,Ge
Nb,Sn,H
Ba,In,O
Mg,Sc,S
Mg,In,Se
Sr,Sn,O
Nd,Cr,Ge
Mn,Ge,O
U,Fe,S
Cs,Au,Cl
Rb,Ge,Cl
V,As,C
U,Re,B
Na,B,Pt
Fe,P,Se
Cs,Mg,I
Ba,V,S
K,N,O
Mg,Ti,O
Ce,Al,O
Ca,Ir,O
Na,Nb,O
Ba,Ce,O
Cd,P,S
K,Sb,O
Al,Bi,O
Li,Nb,O
La,Ga,O
Cs,Cu,Cl
Cs,Ti,I
Cs,Sn,I
K,P,O
Mn,C,O
Li,Ag,F
Li,Mn,F
Li,Mn,F
Ho,B,O
Zn,Fe,O
Lu,Ga,O
Zn,Co,O
Ag,Ge,O
Tb,Ni,O
Mn,Al,O
Cs,Cl,O
Ta,Fe,Te
Li,As,O
Zn,C,O
Sr,Tc,N
Y,W,N
Sr,W,N
Ba,W,N
La,Os,N
Ti,Re,N
In,Ge,Cl
Ca,Tl,F
Na,Mo,O
Tl,In,Cl
Tl,Ge,Cl
Al,Cr,O
Hf,Zn,N
Li,Os,O
Na,Co,F
Ni,Pb,O
Sr,Ge,Au
La,As,O
V,Ge,C
Mg,V,O
Cd,P,Se
Cd,N,Cl
Cr,P,Se
K,Tl,I
Cs,Tl,Cl
Rb,Ge,Br
Lu,Bi,O
Mn,N,F
La,Co,O
La,Co,O
La,Mn,O
Cr,Co,Br
Cs,Sr,Cl
Ti,V,O
Ti,Mo,S
Lu,B,O
Cs,Ta,Se
Tm,Mg,Se
Rb,Cu,Cl
Zr,Al,Cr
Sn,N,F
Y,Mg,S
Er,Si,Ni
La,Mg,S
V,Co,O
La,Mn,O
Sm,Cr,Ge
Sr,Hf,O
Ti,Cd,O
Zn,Sn,O
Sr,Mo,O
Zr,Ni,O
Ba,Ni,O
Yb,Ce,Se
Cs,Mg,Cl
Cs,Mn,Br
Rb,V,Cl
Ba,Bi,O
Rb,Ni,Cl
Hg,P,S
Cs,Sc,Cl
Ca,In,Br
Cs,Ag,Cl
Cs,Fe,Cl
Tl,B,Se
Ba,Ce,O
Ca,Si,O
Ca,Si,O
Sr,Se,O
Ba,V,S
Mg,Si,O
Pd,Se,O
Rb,P,O
Cs,Ni,F
Ba,N,Cl
Ba,Bi,O
Rb,Pb,F
Ba,Ti,S
Ca,Ni,O
Ti,Sn,O
Ho,Bi,O
Sc,Fe,O
Li,Mn,F
Na,Fe,O
Dy,Al,O
Eu,Se,O
Cd,Bi,O
Ti,V,O
Li,V,O
Ba,S,O
Sc,In,O
Mg,Mn,O
Sm,Cu,O
Ag,Bi,O
Hf,Sn,O
Li,Fe,F
Li,N,O
Mn,P,S
Sr,W,N
Sr,Tc,N
Cs,Se,Br
Cs,Sn,F
Li,Sn,Cl
Tl,Ag,Br
Rb,Sn,Cl
K,Ge,Cl
Y,V,O
Al,Sn,O
Ce,As,O
Sr,Mo,O
Na,Ca,H
Sn,N,F
Sr,Ru,O
Cs,Sr,I
Nd,Lu,S
Sn,P,O
K,In,I
K,In,F
Na,C,O
Ag,S,I
Li,Mn,F
Ho,Bi,O
Co,Ni,O
Mn,C,O
K,Cr,F
Ba,Cl,O
Er,Co,Si
La,Ni,B
K,Dy,I
Yb,Tl,Br
Eu,Ga,O
Yb,B,O
V,Cr,O
Nb,Mo,Se
Gd,B,O
Eu,B,O
Mg,Sc,Se
Mg,Sc,Se
Sb,Pb,N
Fe,Sb,N
Fe,Ni,O
Ba,Sb,N
La,Cr,Ge
Pr,Lu,Se
Nd,Lu,Se
Sn,Hg,O
La,Ni,O
V,Pb,O
Ce,B,O
Ce,Cr,Ge
Ba,Bi,O
Fe,Bi,O
Li,Mg,H
Cs,Be,H
Rb,Au,Br
Ba,V,Se
Tl,Sb,O
Sr,C,O
Sr,Ru,O
Pr,Al,O
Mg,Ge,O
Cr,Si,Te
Sr,Ru,O
Na,Ta,O
Cs,Au,O
Yb,B,O
Pa,Br,O
Cs,Cd,Br
Cr,Bi,O
Pd,Se,O
Fe,Bi,O
Ca,C,O
Mn,In,O
K,Sb,O
Ba,C,O
Cs,Pb,Cl
Ag,S,I
Cd,Ge,O
Y,Bi,O
Mn,Zn,O
Tm,Bi,O
Lu,Al,O
Li,Fe,F
Tm,Bi,O
Co,B,O
Li,Ni,F
Ti,Hg,O
Mn,B,O
Mg,Co,O
La,Ag,O
Cu,As,O
Ag,B,O
Ti,Ni,O
Yb,Si,O
Cd,P,S
Ti,B,O
La,Tc,N
La,Mo,N
Y,W,N
Y,Re,N
Ca,Mo,N
Ni,Bi,O
In,Sn,Cl
Rb,Pb,Cl
Rb,Sn,F
K,Ag,Cl
Rb,In,Br
Al,V,O
Al,Cu,O
Y,Mo,O
Y,Co,O
V,Co,B
H,C,Cl
Na,Nb,O
Ce,Ga,Pd
Cr,Fe,O
V,P,S
Ca,Ir,O
V,As,N
Na,Ir,O
K,Sn,N
Ba,Ti,Se
La,Al,O
Nb,O,F
Ga,Cu,Br
Sc,Bi,O
Cs,In,Br
Rb,Tl,Br
Li,V,S
Yb,Sm,Se
C,I,N
V,Co,O
Cs,Ca,Cl
Nb,Mo,S
Mo,H,O
Sr,Sn,O
Ba,Li,N
Ti,Zn,O
Mn,C,O
Ti,Fe,O
Ti,Mn,O
Ba,Ni,O
Ni,C,O
Y,Mn,O
La,Cr,O
Ca,Ir,O
Cs,V,Cl
Tl,Pb,I
La,Tl,O
Ca,C,O
Li,Nb,O
Sr,Ti,O
V,Cu,O
Cs,Co,Cl
Ca,Si,O
Cr,Ge,Te
Ge,Pd,S
Mg,V,O
Co,Bi,O
Ba,C,O
Ag,Sb,O
Ag,N,O
Nb,Ag,O
Ag,S,I
Co,P,S
Rb,Cr,I
K,Sb,O
Li,V,F
Ag,C,O
Co,Ag,O
Li,V,O
Er,Al,O
Ca,Ti,O
V,O,F
Y,Al,O
Li,Fe,F
Ti,Ge,O
V,O,F
Zn,Ge,O
Ca,Sn,S
Ca,Sn,S
La,W,N
Sr,Tc,N
Y,W,N
La,Os,N
Y,W,N
K,Cr,Cl
Mg,Ag,F
K,Ca,Cl
Cs,Sr,Br
Zn,Ag,F
Ca,Tc,O
Rb,Sr,Cl
Ca,Tl,Cl
Al,Mo,O
Y,Ni,O
Y,Cr,O
Cs,Mn,Cl
Sr,Cu,O
Ho,Ga,Ru
Li,B,Pt
Gd,Ga,Os
Tb,Ga,Os
Li,Fe,F
Ca,Sn,S
Tm,Ga,Os
Ho,Ga,Os
Er,Ga,Os
Y,Ga,Ru
Gd,B,O
Tb,Ga,Ru
Gd,Ga,Ru
Cs,Co,F
Ca,C,O
Er,Ga,Ru
Mn,B,O
Sr,Ge,O
Li,Co,F
Cs,Mg,H
Dy,Ga,Ru
Ba,Si,O
Tm,Ga,Ru
Ba,Mn,O
Cs,Ni,F
Ba,Ru,O
Cu,C,O
Ba,Cr,O
Zn,Mo,O
U,Co,S
Mg,Ge,O
Nb,Te,I
Tb,C,O
K,I,O
Li,Fe,F
Mn,Tl,O
Al,Mo,N
Nd,Cr,S
Sc,Co,O
Mg,Se,O
Li,V,O
Mg,Si,O
Ti,Mn,O
Ca,Sn,S
Pb,C,O
Li,Sb,O
V,O,F
V,W,N
Ho,Ni,O
V,H,O
Li,Cu,F
Dy,Ga,Se
Y,Co,O
Y,Co,O
Ca,Si,O
Li,Fe,F
Al,V,O
Tm,Co,O
Rb,Yb,I
Gd,Sc,O
Li,V,F
Pr,Cr,O
Y,Th,C
Al,Fe,O
La,Lu,O
Lu,Sc,O
Rb,Cr,Cl
Rb,Cl,O
Sr,Cr,O
Rb,Ca,Br
Re,Mo,N
Cr,Sb,Se
Na,Ta,O
V,O,F
Bi,Pt,Pb
Eu,Np,O
Na,V,O
Sc,Bi,O
Eu,Hf,S
Y,V,O
La,Ga,O
Sb,H,O
Pb,C,O
Rb,Ge,Cl
Sm,Cr,Sb
La,Ru,O
Sr,Mn,O
Cu,P,S
Ba,Th,O
Cr,In,Br
Li,Fe,F
Pr,Cr,Se
Eu,Ni,O
Al,Sn,O
U,Ru,S
Cs,Sn,F
Mn,Pb,O
Cs,Be,F
Na,Sb,O
H,O,F
Br,N,O
Mg,Fe,O
Ta,Cu,O
Ca,Sn,S
Gd,Ga,O
Mn,Ge,Ir
Na,Ta,O
Tl,Sb,O
K,Cl,O
Ti,Fe,O
Eu,B,O
Rb,Ta,O
V,Cr,O
Eu,P,Se
Cs,V,O
Te,Pb,O
Sr,Zr,S
Ni,Sn,O
K,N,O
K,V,O
Na,Br,O
V,Ag,O
Mn,Ge,O
La,Mn,O
Sb,As,O
Nd,V,Sb
Al,Tl,O
Sr,Ni,O
Nd,B,S
Sm,Y,O
Hf,Cr,O
Eu,Zr,O
Cs,Ca,I
Tm,V,O
Ho,Bi,O
La,Cr,Se
Yb,Gd,S
Mg,V,O
K,Ba,N
Al,V,O
Ca,Mo,O
Sm,Rh,O
Gd,Sc,S
Er,Al,O
Yb,C,O
Co,Sn,O
Eu,C,O
Cr,Bi,O
Tb,Er,O
Na,Ca,N
La,Mn,O
Ba,Ge,O
Ce,Cr,Se
Na,Nb,O
K,Be,H
Y,Sb,O
Tl,Hg,Cl
Mn,Te,O
Ba,Ge,O
Sm,Fe,O
Na,Zn,F
Ta,Tl,S
V,Cu,O
Ti,Ge,S
Cd,N,F
Th,Ta,N
U,Cr,Se
Mn,V,O
Na,V,F
Li,Mn,F
H,C,I
Ba,Sn,S
Sm,Al,O
Tb,Sc,S
Co,Bi,O
Th,Cr,Se
C,N,Cl
Ca,B,O
Pr,V,Sb
Pr,Cr,Sb
K,Tm,Br
La,V,Sb
Eu,Ga,O
Eu,Co,O
Er,Ga,O
Cs,Eu,Cl
Ce,Pb,O
Au,I,N
Yb,Gd,S
Tb,U,Te
Na,Pd,F
Mo,W,N
La,Mn,O
Sr,Co,O
La,Co,O
Mn,Tl,O
La,Tm,O
Ti,Cd,O
Nb,Cu,O
Ti,Ni,O
Sc,Cr,O
Ho,Fe,O
Ca,Cr,O
Ce,B,O
Ti,Cd,O
Ca,Ru,O
La,Yb,S
Ce,Cr,S
Pr,Lu,O
Tb,Mn,O
Cu,Se,O
Sr,Ce,O
Cs,Sn,I
K,Cu,Cl
Ag,Cl,O
Si,H,F
Si,H,I
La,Au,O
Sr,Si,O
Ta,Cu,S
Nd,Ti,O
Cr,O,F
Ba,U,O
Ba,U,S
Sr,C,O
Y,Al,Ni
Ca,As,N
Y,Ti,O
Ca,Sn,O
Pr,Ga,O
Nd,Rh,O
Ca,C,O
La,Rh,O
Na,V,O
K,Mn,F
P,Br,O
In,Bi,O
Rb,Ge,I
Tb,Rh,O
Mn,Tl,Cl
Cs,Si,Te
Cs,B,Se
Na,Br,O
Nb,H,O
Cs,Eu,Br
K,Ca,F
La,Mn,O
Fe,Bi,O
Na,Cl,O
Sr,P,Se
Ba,Si,O
Sm,In,O
Yb,Sm,O
Co,Sn,O
W,O,F
Nb,O,F
Gd,As,O
Li,Fe,F
N,Cl,O
Nd,In,O
Ho,Ti,O
Ca,Bi,O
Sc,Bi,O
Nd,Zr,O
V,Bi,O
Gd,Lu,O
Zr,Co,O
Li,Mn,F
Cd,Co,O
Tl,Co,O
V,Cr,O
Sn,B,O
Ag,Cl,O
Al,Bi,O
Ce,Ni,O
Sm,Tm,O
Li,V,F
Y,Sc,S
Ca,Ge,O
Ho,B,O
Ca,Sn,S
Re,Cl,O
Ti,P,N
Sr,Tc,N
La,W,N
La,Mo,N
Ba,Zr,Se
Zn,Fe,O
Al,Ni,O
Ca,Sb,O
Ca,Ni,O
Zn,Cr,O
K,Sn,I
Tm,In,O
Cu,N,Cl
Nd,Sc,S
Ag,S,Br
Eu,Zr,Se
Mn,Bi,O
Tm,Ni,O
Li,Fe,F
Bi,C,O
V,N,O
Mg,Si,O
Na,Cl,O
Ca,Si,O
Sn,Pb,S
Sm,V,O
U,V,Se
Sr,Tc,O
Ca,Mn,O
Cs,Al,Te
Th,Cr,S
Au,N,Cl
Mn,N,Cl
Ta,Tl,Se
Ca,Ti,O
Yb,Ce,O
Rb,Dy,Br
Li,Se,O
Cs,Sr,Cl
Ce,Lu,O
Ce,Rh,O
Ti,Mo,N
Sc,Mo,N
La,Co,O
La,Mn,O
Ca,Fe,O
Co,Ag,O
Sr,Ni,O
Ba,Co,O
Sr,Ni,O
Ho,V,O
Rb,V,O
Ca,Mn,O
Y,Ni,O
Er,Mn,O
Lu,Ni,O
Ti,Co,O
Yb,Fe,O
Tb,Fe,O
P,Pb,Se
Pb,S,O
Ce,Sc,S
Lu,Mn,O
In,Sb,S
Pr,Fe,O
Lu,Fe,O
Nd,Co,O
Ba,Pr,O
V,Cl,O
Rb,Cd,Cl
Cr,Bi,O
Mn,Bi,O
Mo,Cl,O
H,I,O
Ba,Te,S
Nb,Te,Br
Tl,Cd,Cl
Li,Ga,Br
C,Br,F
Mn,Tl,Cl
Sm,Sc,O
Ba,Mn,O
Ca,Ti,O
Zn,Se,O
Ca,Si,O
Ca,Nb,O
Tl,Fe,Br
Ba,Pu,O
Na,Fe,F
Cs,Ga,Se
Cs,Pb,I
Nd,V,O
Gd,V,O
Nb,Se,I
V,O,F
Nb,Cl,O
Ga,Bi,O
Na,Nb,O
K,Mn,Cl
Rb,Pb,F
V,Ag,O
Nd,B,O
V,O,F
V,O,F
V,Cr,O
V,Si,O
I,N,O
Zr,Cr,O
V,Ge,O
Tm,Ti,O
Zr,Pb,O
Tb,Ni,O
Tb,Cr,O
La,Dy,O
Sm,Dy,O
Sb,O,F
Li,Mn,F
V,O,F
V,O,F
Cu,C,O
Nb,O,F
Tb,In,O
Al,Fe,O
Li,Fe,F
Li,Fe,F
Er,Lu,O
La,Sm,O
Cd,S,O
Rb,P,O
Cd,Se,O
Sr,Te,O
Sr,P,S
La,Os,N
La,Tc,N
Ba,Hf,S
Y,Mo,O
Y,Sn,O
Al,Co,O
Mn,Al,O
Mg,Ti,O
Ce,Ga,O
Rb,B,Se
Ba,P,Se
V,Cr,O
Sr,Os,O
Al,In,O
P,N,O
Mn,N,F
I,N,O
Be,N,F
Ca,Tc,O
Eu,Cr,O
Pr,Sc,S
Ca,Hf,S
Sr,Sn,S
Yb,Ga,O
Th,Cr,Sb
Sr,Rh,O
Sm,V,Sb
Sm,Al,Ni
Rb,Dy,I
Pu,Cr,O
Ni,Te,O
Mn,Si,Ni
K,Dy,Br
In,Rh,O
Er,Sc,O
Cs,Tm,I
Sm,Gd,S
La,Sb,Se
Ta,W,N
Cd,Sb,N
Nb,Mo,N
Al,Fe,O
La,Mn,O
Sr,Ni,O
La,Ni,O
Mn,Si,O
Sn,P,S
K,P,O
Tl,Ni,O
Ca,Fe,O
Ba,Mn,O
Nd,Cr,O
La,Cr,O
Na,Sb,O
Nd,Fe,O
Y,Mn,O
Cu,Te,O
U,Rh,S
Nd,Ni,O
Sr,Ru,O
Eu,Sc,O
Sm,Ni,O
Yb,Mn,O
Li,I,O
K,Fe,Br
Mn,Tl,I
Li,Be,H
Ni,Bi,O
Rb,Mg,Cl
Cu,Se,Br
Sr,Bi,O
Rb,Sn,I
Nd,Sc,O
Rb,Nb,O
Sr,Hf,O
Ce,Sb,O
Ca,Si,O
Tb,Al,O
Na,Nb,O
Pr,Rh,O
Cs,Dy,I
Sr,Zr,Se
Lu,Co,O
Na,Cl,O
Hg,Se,O
Yb,Ge,O
Li,As,O
Sr,Co,O
Cs,Pb,Br
Cs,Sn,I
Sn,P,Se
Na,U,O
Gd,Fe,O
Nb,Br,O
Nb,H,O
H,N,O
V,H,O
Zr,Cu,F
Hg,P,Se
Sc,Tl,O
Li,Fe,O
Li,Ag,F
Cl,O,F
Y,Tm,O
Sc,Co,O
Er,In,O
Lu,Ti,O
Tm,Ga,O
Li,Mn,F
Yb,C,O
Lu,Ga,O
Li,Fe,F
Tb,Sm,O
Li,Mn,F
Tb,Gd,O
Tl,Ga,O
Li,Fe,O
V,O,F
Tb,Ti,O
Mg,Sn,O
Mg,Mn,O
Mn,Zn,O
Li,Mn,F
Ce,Al,O
Li,Mn,F
Ho,In,O
Li,Mn,F
Li,V,F
La,B,O
Fe,B,O
Cd,Sn,O
Ca,Sn,S
Tb,B,S
Ca,Tc,N
Y,Tc,N
Cs,Sc,Br
Tl,Ge,Br
Ca,Mo,O
Ca,W,O
Ca,P,Se
Sm,Lu,O
K,Ca,H
La,In,O
Fe,Sn,O
Co,Pb,O
V,Ag,O
V,H,O
Sr,Ru,O
Mn,C,O
Mn,N,F
Na,Cl,O
Ca,Si,O
Dy,Sc,S
Cs,Yb,I
Sc,Rh,O
Yb,Al,O
Nd,Mn,O
Ba,Mn,O
Yb,Rh,O
Y,Rh,O
V,Sn,O
Sr,Hf,S
Sm,Lu,Se
Pu,V,O
Nd,Cr,Sb
K,Yb,Br
K,Ca,Cl
Hf,Cd,O
Gd,In,O
Dy,Cr,Sb
Er,Rh,O
Cs,P,O
Ba,Sr,Bi
Pu,U,C
La,Y,C
Ho,U,Te
B,Mo,N
Co,Mo,N
Rh,W,N
Y,Co,O
Ca,Fe,O
Mg,Fe,O
Ba,Co,O
Yb,Ni,O
La,V,O
Tb,Co,O
La,Cr,Sb
Ba,Tb,O
Y,Fe,O
Eu,Al,O
Sr,Tb,O
U,Cr,S
Ho,Mn,O
Dy,Co,O
Pr,Ni,O
Sm,Ti,O
Co,Se,O
Rb,Cu,Cl
Nb,Se,Br
Ni,Bi,O
K,Fe,Cl
Tl,Cd,I
W,I,O
K,Si,H
Mg,In,Br
La,Sc,O
Nd,Ga,O
Ta,H,O
Nb,H,O
Ba,Ru,O
Sc,Al,O
Ho,Al,O
Cd,In,Br
Gd,Ti,O
Tm,Mn,O
Sr,Se,O
Ca,Ir,O
K,Cl,O
V,Cd,O
Cu,Te,O
Ba,Bi,O
Na,Ni,F
Er,Co,O
Rb,Cu,Cl
Fe,P,S
Sr,Ru,O
H,N,O
H,N,O
Cs,Ta,Se
Sm,Al,O
Li,Sb,O
V,O,F
Zn,Co,O
Hf,Co,O
P,Cl,O
Yb,Ti,O
Lu,Tl,O
Y,Er,O
In,Co,O
Zn,Fe,O
Lu,Al,O
Li,Fe,F
V,Ga,O
Ti,Cr,O
Mg,Co,O
Rb,Nb,O
Mg,Co,O
Er,Ti,O
Li,Ag,F
Ho,Cr,O
V,O,F
Sb,O,F
Ho,Lu,O
Sm,Cu,O
V,Cr,O
Cs,As,O
Tm,Cr,O
Li,V,F
Cr,Sb,S
Li,Be,H
La,Re,N
La,Os,N
Eu,Cu,O
Mg,Sb,O
Y,Cu,O
Mg,Fe,O
Al,Mo,O
Zn,Sb,O
Mg,Cr,O
Ca,Co,O
Tm,Tl,O
Na,Os,O
Mn,Bi,O
Cd,N,Cl
Ni,Bi,O
In,Rh,O
K,C,O
Fe,Sn,O
Dy,In,O
K,Ti,O
P,Br,O
Er,Ni,O
Eu,Zr,S
K,Hg,I
Sr,Ru,O
Yb,Pr,O
Rb,Tm,I
Rb,Ca,Br
Pr,V,O
La,V,S
La,Ti,S
K,Ca,Br
Fe,Si,Ni
Dy,Rh,O
Eu,U,O
Bi,Pb,Au
Sr,Mn,O
Bi,Sb,S
Co,Sb,N
Ni,Mo,N
Re,W,N
Co,W,N
K,Fe,I
Al,Ag,O
Ti,Fe,O
Mg,Fe,O
La,Mn,O
Cd,Fe,O
Sm,Cr,S
Co,Te,O
Li,V,O
Eu,Rh,O
Ti,Fe,O
Pr,Co,O
Ni,Se,O
Sr,Pr,O
Ce,Dy,S
Nd,Mn,O
Na,Co,F
Tl,V,O
Fe,Ge,O
Na,I,O
K,Mn,Cl
Tl,Fe,I
K,Cd,Cl
Li,Be,H
P,Cl,O
Cs,Sn,Cl
K,Tc,Cl
Rb,Ge,Br
Mn,In,Br
Tl,Ge,I
Li,Ga,I
Cs,Pd,Cl
Tb,Sc,O
Sr,Zr,O
Ca,Zr,O
Sn,Pb,O
Al,Si,P
Ba,V,S
Ba,C,O
Cu,Ge,O
Tc,O,F
Yb,Si,O
La,Co,O
Zn,Si,O
La,Mn,O
Rb,Cr,Cl
Nb,Se,Cl
Ag,Te,I
Bi,Rh,O
K,Ca,F
Mg,Si,O
Mg,Si,O
Na,Cl,O
K,N,O
Yb,Co,O
Li,Cu,F
Hf,Fe,O
La,Er,O
Nb,O,F
V,Cr,O
Sc,Ti,O
Sm,Tl,O
Li,Te,O
V,Cr,O
Pr,Hf,O
Lu,Cr,O
Hf,Pb,O
Tm,Al,O
Tl,Co,O
Dy,Lu,O
Dy,Al,O
Ta,Tl,O
V,Cr,O
Nb,O,F
Li,Cu,F
W,O,F
La,Ho,O
V,Cr,O
Ag,Cl,O
V,O,F
Li,Fe,F
Ag,Ge,O
Rb,Ta,O
Ce,Cr,O
Ca,Sn,S
Cr,Ga,Se
Rb,Be,H
Ba,W,N
Y,Re,N
Ba,Re,N
Cs,Ca,I
Cs,In,I
Rb,Sn,Br
Ca,V,O
Y,Ag,O
Al,Cu,O
Ti,Zn,O
Al,Sb,O
Ca,Sb,O
La,Y,O
Ca,Sn,S
Y,Lu,O
Li,Ta,O
Li,Ta,O
Ba,Hf,S
Na,Nb,O
Sm,Cr,O
Sc,Mn,O
Lu,Ni,O
Ca,N,Cl
La,Lu,S
Cs,Pb,I
Ho,Tm,O
Eu,V,O
Ca,Bi,O
Zn,Si,O
La,Ga,O
K,Mn,F
Ca,Rh,O
U,Ni,Se
La,Yb,S
Cu,Ag,F
Ce,B,S
Ho,Sc,S
Er,Sc,S
Nb,Ag,O
Lu,Rh,O
Mn,Te,O
K,Pb,I
Be,N,F
Sm,Bi,S
La,Lu,C
Dy,B,O
Ti,W,N
Zr,W,N
V,Mo,N
Mo,Ru,N
Al,Fe,O
Al,Sb,O
Y,Fe,O
Fe,B,O
La,Ni,O
Mn,B,O
Cd,Ge,O
La,Pd,O
La,Mn,O
Na,Cu,F
Fe,Si,O
Dy,Ni,O
Ti,Mn,O
Dy,Cr,O
Sm,Co,O
Ca,Pb,O
Eu,P,S
Zr,Pb,S
Mn,Si,Ir
Eu,Mn,O
Tm,Fe,O
Co,Ge,O
Sm,Mn,O
La,Fe,O
Dy,V,O
K,I,O
Na,Mg,H
Mg,V,O
Rb,Cd,Br
Nb,Cl,O
Hg,Br,O
Na,Mg,F
K,Mn,Br
As,Cl,O
Sr,Ge,O
Dy,Sc,O
Ba,Ce,O
Rb,P,O
Mg,Si,O
Na,Cu,F
Tl,Fe,O
K,N,O
Gd,Al,O
Sc,Bi,O
W,Cl,O
In,Bi,O
Tl,Sb,O
Ca,Se,O
Pr,Sc,O
Sr,Mn,O
Na,Mn,F
Cs,Ga,S
Cs,Pb,Br
Cs,Cr,I
La,Fe,O
Na,Hg,Cl
In,Fe,Br
Ge,Pb,S
Sb,H,O
K,Cu,Cl
Ca,C,O
Sn,P,Se
Li,Ti,Cl
Os,Pb,O
Yb,V,O
Ag,Au,O
Na,Sb,O
V,O,F
Li,Ag,F
Li,V,F
Li,Mn,F
Hf,Fe,O
Sm,Er,O
Hf,Mn,O
Y,Sc,O
As,Au,O
Ho,Ga,O
Rb,Cl,O
Cr,In,O
Al,Ga,O
Ca,Pr,O
Tb,Tm,O
Al,Co,O
Li,Nb,O
Li,Cu,F
V,O,F
Li,Mn,F
Li,Mn,F
Na,V,O
Li,Mn,F
Al,Pd,O
Ag,Ru,O
V,O,F
Cd,Fe,O
Ca,Zr,S
V,O,F
Sm,B,O
Nd,Cr,Se
Ca,Sn,S
Ca,Re,N
La,Cr,N
Y,W,N
La,Ta,N
Rb,Ca,I
Cs,Na,F
Ca,Bi,O
Zn,Bi,O
Zn,W,O
K,N,O
Sr,Nb,O
Mn,C,O
Hg,Se,O
Cs,Ba,I
Na,V,O
K,C,O
Ca,Si,O
Li,Mn,F
Li,Mn,F
Li,Fe,F
Al,Fe,O
Na,Br,O
Dy,V,Sb
Cu,Sn,Au
Nd,Mn,O
La,Co,O
Sm,Sc,S
Na,P,S
Na,Nb,O
S,N,F
Rb,Tm,I
Nd,Lu,O
Mg,Tl,Cl
In,Sb,Se
Ho,Rh,O
Cs,Sr,Br
Cs,P,O
Cs,Pt,Br
Ce,Tm,O
Ce,Cr,Sb
Yb,Dy,S
Bi,Sb,Se
Al,W,N
Ga,Mo,N
Sc,W,N
Ta,Mo,N
La,Co,O
Mn,C,O
Nd,B,O
Cd,Fe,O
Zr,Sn,S
Y,Cr,O
Ce,V,O
Sr,Mn,O
Tm,Ni,O
Er,Cr,O
Er,V,O
Yb,Cr,Sb
Er,Fe,O
P,Pb,S
Sr,Pb,O
Ho,Co,O
U,Pd,Se
La,Ti,O
Hf,Pb,S
La,Yb,O
Pr,Mn,O
Ca,V,O
V,Cd,O
Mo,N,Cl
Cs,Cu,Br
Rb,Cr,I
K,Mg,Cl
Hg,Te,O
K,In,Br
Tl,B,S
Cd,Ge,O
K,Au,I
Bi,B,O
Y,Al,O
Sn,P,S
Sr,Hf,O
Sn,Ge,S
Eu,Fe,O
Ti,Cd,O
Gd,Ni,O
Ag,Sb,O
Tb,V,O
Ca,C,O
Na,I,O
I,O,F
K,Mn,F
Ag,Te,O
Cs,S,O
Ca,Mo,O
V,H,O
K,Mn,F
Tc,Pb,O
Ba,Fe,O
Co,Ag,O
Bi,O,F
Mn,Tl,O
Ca,Se,O
Tb,Lu,O
Sc,Ga,O
Na,Ta,O
Ba,Si,O
Co,Pb,O
Lu,V,O
Gd,Tm,O
Ce,Fe,O
Li,Fe,F
Ca,Ce,O
Zr,Co,O
Li,Mn,F
Li,Mn,F
V,O,F
Co,B,O
Sc,Fe,O
Ag,As,O
V,O,F
Ag,Au,O
Ag,Pd,O
Al,Cu,O
Ce,Sc,O
Li,V,F
Yb,Hf,O
Pr,B,O
Ca,Sn,S
Rb,B,S
Hg,Se,O
Cs,Te,Se
K,Cd,F
Sr,Re,N
Al,Cr,O
Y,W,O
Mg,Sb,O
Mg,Mo,O
Y,Bi,O
Al,Ag,O
Al,W,O
Zn,Ni,O
Mg,W,O
La,Cr,S
K,Sn,Br
K,Fe,O
Ba,P,S
Na,N,O
Hf,Ni,O
Tl,Ni,O
Mn,N,Cl
U,Co,Se
U,V,S
Na,C,O
Cd,Tc,O
La,Sc,S
Yb,Cr,O
Tm,Sc,O
Tm,Rh,O
Rb,Tm,Br
K,Be,F
Eu,In,O
Cs,Sm,Br
Ca,Os,O
Rb,Ba,N
Nb,Zn,Au
Zr,Mo,N
Sr,Co,O
La,Mn,O
La,Mn,O
Mn,B,O
K,Sb,O
Gd,Cr,O
Er,Ni,O
Pr,Ru,O
Dy,Mn,O
Mn,Se,O
Eu,Ti,O
Dy,Fe,O
Na,Cl,O
Rb,Pb,I
Tl,Cd,Br
Sr,Sn,O
Ho,Sc,O
Si,P,N
Sr,Zr,O
Sr,Zr,S
Ba,Zr,S
Ca,C,O
C,I,F
Cs,Cl,O
Ag,Se,I
Sn,P,Se
Rb,Cu,Cl
Rb,Yb,Br
Dy,Tm,O
Cd,Co,O
Ti,V,O
Li,Fe,F
Ca,Hf,O
Li,Fe,F
Dy,Ga,O
Sm,Ho,O
Tb,Ho,O
B,Sb,O
Al,V,O
La,Ho,O
Tb,Ga,O
Sc,V,O
Sb,O,F
Ba,Rh,O
Mg,S,O
V,Cr,O
Ag,P,O
V,O,F
Dy,Ti,O
Ag,I,O
Pr,B,S
Ca,Sn,S
Hf,Sn,S
Sm,B,S
Ca,P,S
Y,Mo,N
La,W,N
Y,Re,N
Zn,Sn,O
Mg,Bi,O
Zn,Co,O
V,Zn,O
Al,Bi,O
K,N,O
Ba,Mn,O
Ba,V,O
In,Ga,S
Ca,Sn,S
Ta,O,F
Sc,Ga,O
Al,Sn,O
Tm,Ga,O
Ni,N,F
Y,Ga,O
Ba,Cr,O
Li,Ag,F
Cs,Fe,F
Ba,Ti,O
Ca,Si,O
Si,C,Cl
Sr,Te,O
Ca,Te,O
Y,Mn,O
V,H,O
Sr,Cr,O
Y,Ti,O
Al,In,Se
Fe,S,O
K,Ni,Cl
Yb,B,O
Er,B,O
Rb,P,Se
Li,Mn,F
K,Ti,Br
Ca,Sn,S
K,As,O
Sr,Mn,O
K,S,I
Al,Co,O
Sc,Mn,O
Er,Mn,O
Sr,Si,O
Y,In,O
Mn,Pb,O
Ba,Tc,O
Tl,Co,Cl
Dy,Y,O
Dy,Ga,O
Ho,Ga,O
Lu,Sc,O
Rb,Cl,O
Ca,Ge,O
Y,Ag,O
Y,Cr,O
Ca,Sn,S
Lu,Fe,O
Cs,Ni,F
Eu,In,O
Mn,Al,O
Cd,S,O
Ho,Mn,O
Rb,Mg,H
Li,Be,H
Cu,Se,I
Tm,Fe,O
Cs,Mn,F
Tl,Fe,Br
Cs,Mg,H
Eu,Ge,S
V,H,O
V,H,O
Ba,Ge,O
Ho,B,O
Y,Tm,O
Dy,Er,O
Sr,Ti,O
Ca,Ge,O
Li,Mn,F
Ca,Sn,S
Y,Ni,O
Li,Fe,F
Mn,In,O
Cs,Hg,Br
Rb,Co,Br
Rb,Co,Br
Ti,Al,O
Al,Cr,O
Al,Cu,O
Cs,Cu,Cl
Ba,Ir,O
Ti,Ni,O
Lu,Al,O
Cu,P,O
Ba,Si,O
Al,Ag,O
Al,Bi,O
Y,Mo,O
Tm,B,O
Ca,Ge,O
Na,As,O
Lu,Mn,O
Rb,Ti,I
Ba,Ru,O
Rb,Co,F
Tm,Mn,O
Rb,V,Br
K,Ti,Cl
K,P,Se
Ba,Ti,O
K,Ti,I
Rb,Mg,Cl
Ba,Mn,O
Li,Mn,F
Dy,Ho,O
Dy,In,O
Mn,Tl,O
Ho,Er,O
Sc,Fe,O
Er,In,O
Li,Be,H
Ca,Sn,S
Ba,Fe,O
Mn,In,O
Gd,In,O
Yb,Mn,O
Rb,I,O
Al,In,S
Rb,Mg,F
Rb,Ni,F
Cu,Se,O
Ti,Cr,O
Y,Al,O
Li,Mn,F
Li,Cu,F
Li,Mn,F
Ho,In,O
La,Al,O
Y,Ho,O
Mg,S,O
Li,Mn,F
La,Al,O
K,Bi,O
Y,W,O
Al,Co,O
Al,Ni,O
Ca,C,O
Rb,Co,Br
Al,Mo,O
Sr,Ge,O
Ca,Si,O
Y,B,O
Rb,V,Br
Rb,Zn,F
Dy,Mn,O
Ge,Pb,O
K,S,O
Cs,Cd,Cl
Rb,V,I
La,Al,O
La,Al,O
Na,P,O
Y,Sb,O
Ti,Al,O
Y,Fe,O
Y,Co,O
Li,Fe,F
Sr,Ir,O
Er,Ga,O
Mn,Al,O
Ba,Mn,O
Rb,S,O
Ca,Si,O
In,Ga,S
Cu,Si,O
Rb,Mg,F
Mn,S,O
Rb,Mn,Br
Rb,Mn,Cl
Re,O,F
Na,Sb,O
Lu,Ga,O
Y,Sc,O
Li,Fe,F
Ca,Sn,S
Ag,Sb,O
Y,Bi,O
Al,Sb,O
Y,V,O
Ho,Mn,O
Al,W,O
Sr,Ir,O
Sr,Si,O
Ba,Si,O
Ba,Ir,O
In,Ga,Se
K,S,O
Na,I,O
Li,Fe,F
Y,Sn,O
Y,Cu,O
Cu,P,O
K,P,O
Ag,N,O
Al,Ga,O
Cu,P,O
Na,Si,Au
Tl,P,O
Ba,Ge,S
Mg,Si,O
Pb,Se,O
Na,Ge,Au
Zn,Te,O
Zr,Pb,O
Nd,Sn,Ru
Li,I,O
Li,Mn,F
Mg,Si,O
P,C,F
Cd,S,O
Mn,Bi,O
Ta,Tl,O
Ba,Bi,Se
La,Si,As
Pr,Sn,Ru
Cd,C,O
K,Si,O
Mn,Se,O
La,Er,S
Pr,Fe,Sb
Nb,Ag,O
In,Sn,Cl
C,Cl,F
Li,Ga,Cl
Nb,Ag,O
Cu,Se,O
H,I,O
Nd,Co,Sb
Ba,Yb,Sn
Tl,N,O
Mg,Si,O
Mg,Si,O
Ga,Fe,O
Na,Ta,O
Li,Nb,O
Nb,Tl,O
H,N,Cl
Y,Zr,O
Lu,Se,O
Mg,S,O
Co,Pb,O
Li,V,F
Na,Zn,O
K,As,O
Ce,Ge,Ru
S,N,O
Pr,Er,S
La,Y,S
K,I,O
H,N,Cl
Li,Bi,O
La,Si,As
Hg,N,O
Ce,Ni,Sb
Pr,Co,Sb
Mg,Si,O
Na,P,O
Tl,N,O
Ag,N,O
La,Al,O
Li,Fe,F
Cd,Si,O
Li,Fe,F
Li,Nb,O
Li,Mn,F
Li,Mn,F
Ca,Sn,S
Eu,Zr,O
P,N,O
Fe,Si,O
Ag,Pd,Se
Mn,Se,O
Dy,Cr,S
La,Si,P
Mn,Si,O
Cs,Nb,O
Te,C,F
Hg,Cl,O
Na,Nb,O
Cu,Te,O
Tl,Co,Cl
Ce,Co,Sb
Tl,Sn,F
H,S,N
Mn,Fe,O
Y,Se,O
Li,Fe,F
Nb,Tl,O
Nd,Zr,O
Sn,Pb,O
P,Pb,O
Nd,Tm,S
Tb,Fe,Sb
La,Ni,B
Pr,In,Pt
Nd,In,Pt
Y,Zr,O
La,In,Ge
Ag,I,O
Mn,S,O
K,C,O
Mg,Si,O
H,C,S
Te,H,O
Ce,Si,P
Yb,Bi,O
Tl,Pb,Cl
Al,V,O
Al,Ga,O
Ga,Fe,O
Tl,Cd,F
Na,Se,O
Ce,As,O
Cs,N,O
Sm,Sn,Ru
Sm,Fe,Sb
Ce,In,Pt
In,Sn,Br
Al,Fe,O
Cd,Te,O
Mg,Si,O
Na,P,O
Mg,Si,O
Na,P,O
Ag,Te,O
Na,Nb,O
Sr,Si,O
Te,H,O
Na,N,O
Li,Mn,F
Li,Mn,F
Y,Tm,O
Tm,Se,O
Dy,Se,O
Ca,Zr,O
Ba,Si,O
Te,H,O
Sc,Rh,O
P,N,O
K,Si,O
Na,Nb,O
La,Tm,S
Hg,S,N
La,Ni,B
Pr,Tm,S
Nd,Fe,Sb
Mn,P,O
Ba,Sb,Te
Ag,P,O
Hf,Pb,O
H,S,N
La,Sn,Ru
Ce,Tm,S
Ba,Mn,O
Ca,Ga,Au
Ba,Ca,Sn
Te,H,O
Zn,Si,O
Mn,Fe,O
Li,Mn,F
Li,Fe,F
Mn,Bi,O
Li,Br,O
Ce,Sn,Ru
P,N,O
Ag,I,O
In,Rh,O
La,Sb,Pd
La,Si,P
Mg,Si,O
Cu,Se,O
Li,I,O
K,Sn,F
Rb,C,O
Zn,Se,O
Zr,Pb,O
H,C,S
Cd,Se,O
Ag,Te,O
Sm,Co,Sb
Rb,P,O
Te,H,O
Mg,Si,O
Na,P,O
Li,Mn,F
Li,Mn,F
Gd,Er,O
Li,Fe,F
Li,Mn,F
Rb,Tl,F
Tl,Hg,F
Ca,Sn,S
Mn,Si,O
Cs,Hg,Cl
Na,Se,O
Pr,Si,P
Ce,Er,S
Sm,In,Pt
As,C,F
C,S,N
Mg,Si,O
Sr,Zr,O
K,P,O
La,Ni,Sb
La,Co,Sb
Te,H,O
Hf,Pb,O
Ti,Ni,O
Cd,Pb,O
