Atom1,Atom2,Atom3,Atom4
Sr,Mg,Os,O
La,V,Re,O
Ba,Nd,Ir,O
La,Ti,Ni,O
Zr,Ti,Pb,O
Ba,U,Cd,O
Tm,Sb,Pb,O
Sr,Y,Cr,O
Sr,Gd,Ru,O
Ba,Na,I,O
Sr,Fe,Co,O
Ba,Gd,Mo,O
Ba,Bi,Ir,O
Rb,In,As,Br
Na,Lu,Cu,Cl
K,Na,Sc,F
Rb,Rh,Au,F
Rb,Ir,Au,F
K,Na,Al,F
Na,Al,Au,F
Li,Cu,Sb,F
K,Li,Au,F
K,Y,In,F
Na,Ga,Ag,Cl
K,Tl,Ga,I
K,Rb,Sc,Cl
K,Rb,In,Br
K,Rb,Dy,Cl
K,Na,Y,Br
K,Na,Ta,I
K,Li,Sm,Cl
K,Li,Eu,Cl
Rb,Cu,Pd,F
Na,Eu,Cu,Cl
Na,Cu,Bi,Cl
Na,Ir,Au,F
Na,Lu,Ag,Cl
Na,In,Ag,F
Na,Li,Ir,F
Li,Cu,As,F
Li,Ag,As,F
K,Ta,Tl,F
K,Tl,Ga,Cl
K,Rb,Au,Br
K,Rb,Al,F
K,Na,Tm,Cl
K,Na,Mo,Br
K,Na,Lu,Cl
K,Li,Gd,Cl
K,Ti,Tl,F
K,Na,Tl,Br
K,Na,Ir,F
K,Li,Ru,F
K,Li,As,F
K,Ga,Cu,F
Cs,K,Tl,F
K,Lu,Ag,Cl
K,Sc,Hg,Br
K,Al,Au,Br
Cs,Tl,Sb,Cl
Cs,Rb,Tl,Cl
K,Sc,In,Br
K,Sc,Hg,I
K,Cu,Sb,I
K,Cu,Mo,Br
K,Cu,Bi,Br
Cs,K,As,Cl
Cs,K,Sb,Cl
K,Sm,Au,Cl
K,Ga,Au,Br
K,Y,Ag,I
Cs,Tl,Ga,I
Cs,Rb,Y,Cl
Cs,Rb,Sb,Br
Cs,Rb,Pr,Cl
Cs,Na,Tl,I
Cs,Na,Sb,I
Cs,Na,Pr,Br
Cs,Na,In,I
Cs,Rb,Bi,I
K,Sc,In,F
K,In,Ga,Br
K,Hg,Sb,I
K,In,Hg,Cl
K,Ga,Hg,I
Rb,Y,Cu,I
K,Tl,Au,Cl
K,La,Au,Cl
Rb,Cu,Sb,I
Rb,Nd,Cu,Cl
K,Al,Au,Cl
K,Sc,Ag,F
K,Ag,Ru,F
K,Nd,Ag,F
K,Er,Ag,Cl
Cs,Ta,Tl,F
Cs,Al,Tl,Br
Cs,Rb,Lu,Cl
Cs,Na,Ta,Br
K,In,Bi,F
K,Al,Au,F
Cs,Tl,Pd,F
Cs,Hg,Pd,F
Cs,Sc,Cu,F
Cs,K,Sb,F
Cs,Sm,Cu,Cl
Cs,Na,Ce,I
Cs,Li,Tl,Br
Cs,Li,Ce,I
Cs,Li,Ce,Br
Cs,K,Pr,Br
Cs,K,Ga,I
Cs,In,Bi,Cl
Cs,In,As,I
Cs,Y,Hg,I
Cs,Y,Hg,Cl
Cs,In,Hg,I
Cs,Er,Cu,Cl
Cs,Y,Au,Cl
Cs,Sc,Au,I
Cs,Tb,Ag,Cl
Cs,Hg,Ir,F
Cs,Li,Mo,Cl
Cs,K,Nd,I
Cs,In,Ga,I
Rb,Tl,Au,F
Cs,In,Sb,I
Cs,Tl,Hg,Cl
Cs,Ga,Hg,Cl
Cs,Hg,Bi,F
Cs,Hg,Au,Br
Na,Y,Cu,Cl
Rb,Hg,As,Cl
Cs,Tl,Cu,Cl
Cs,Rb,Ti,F
Cs,Cu,Sb,Br
Cs,Ce,Cu,Cl
Cs,Al,Cu,Cl
Rb,Ga,Au,Br
Cs,Ru,Au,F
Cs,Rb,Er,Cl
Cs,Rb,Bi,F
Cs,Eu,Au,Cl
Rb,Ag,As,Br
Rb,In,Ag,Br
Rb,Ta,Ag,Br
Rb,Tm,Au,Cl
Rb,Sb,Au,Cl
Rb,Hg,Au,F
Cs,Cu,Au,Cl
Cs,Ga,Cu,Cl
Cs,Ce,Ag,F
Cs,Ga,Ag,Br
Cs,Ag,As,Br
Rb,Tm,Ag,Cl
Cs,Ga,Ag,F
Rb,Sm,Ag,Cl
Cs,Ag,Ir,F
Rb,Al,Au,I
Rb,Ag,Pd,F
Rb,Ag,Mo,Cl
Rb,Ag,Mo,Br
Na,Li,Sm,Cl
Rb,Eu,Ag,Cl
Rb,Y,Ag,F
Rb,Hg,Pd,F
Na,Tl,Ga,F
Na,Li,In,Cl
Na,Li,Ce,Cl
K,Na,Ti,F
Cs,Ta,Ag,F
Na,Cu,Pd,F
Rb,Ga,Hg,F
K,Nb,Au,F
Cs,Tl,Cu,Br
Rb,Ta,Hg,F
Rb,Al,In,F
Rb,In,Sb,F
K,Rb,Nd,Br
K,Rb,Sc,Cl
Rb,Li,Bi,F
Rb,Li,Nd,I
Rb,Li,Sc,Cl
Rb,Tl,Ga,I
Rb,Tl,Rh,F
Rb,Y,Hg,Br
Rb,Al,In,Br
K,Rb,Nd,Cl
K,Rb,Ta,Br
Rb,Li,Er,Cl
Rb,Li,La,Cl
Rb,Li,Mo,I
Rb,Li,Nd,Cl
Rb,Li,Sm,Cl
Rb,Na,Tl,I
K,Rb,As,F
Rb,Tl,Hg,Br
K,Rb,As,Br
Rb,Na,Sc,Br
Rb,Li,Tm,Cl
Cs,Ag,Bi,Br
Sr,Ta,Al,O
La,Mg,Ge,O
As,N,O,F
Ba,Pu,Ta,O
Mg,Re,Pb,O
Na,Sc,Tl,F
Sr,Lu,Ta,O
Ba,U,In,O
Sr,Sc,Os,O
Ba,Ho,U,O
Ba,Tb,Mo,O
Ca,Eu,W,O
Sr,In,Re,O
Nb,Co,Pb,O
Na,Sc,N,F
Fe,Pb,W,O
Ba,Sr,Co,O
Rb,Li,Yb,Cl
Ba,Mg,Mo,O
Ba,Lu,Mo,O
Eu,Lu,Ta,O
Sr,Sc,Re,O
Ba,Dy,Ta,O
Yb,Eu,Ta,O
Sr,La,Nb,O
K,Rb,In,F
Ba,Ca,Bi,O
Ba,Lu,Re,O
Zr,Ti,Ni,H
Zr,Ti,Pb,O
Yb,Nb,Pb,O
V,Cu,P,S
Sr,La,Co,O
Sr,Gd,Co,O
Sr,Ta,Mn,O
Sr,Mn,Sb,O
Sr,Fe,Ru,O
Mn,Ga,C,N
Mg,Cd,C,O
La,Ga,Co,O
K,Na,Mg,F
Hf,Ti,Pb,O
Fe,Re,Pb,O
Fe,Ni,P,S
Cr,Ag,P,Se
Cr,Cu,P,Se
Ce,Nd,Al,O
Ba,Sr,Ti,O
Ba,Sr,Sn,O
Ba,Sr,Mo,O
Ba,La,Fe,O
Ba,Ga,Ge,Se
Ba,Ga,Ge,S
Ba,Zr,W,O
Ba,Tl,Sb,O
Ba,Tb,Ir,O
La,Zn,Fe,O
Ba,Co,W,O
La,Mn,Cd,O
K,Na,Tl,F
Ba,Sm,Re,O
Ca,Sn,B,O
Ba,Sr,W,O
Sr,Co,Mo,O
Ba,Sc,Sb,O
Ba,U,Co,O
Ba,Eu,Sb,O
Ba,Nd,Mn,O
Ba,Bi,Sb,O
Cs,Na,Y,Cl
Ba,Y,Bi,O
Ba,Cu,W,O
Cs,K,Co,F
Ba,Dy,Bi,O
Sr,Cu,Os,O
Sr,Ni,Te,O
Sr,Zn,Re,O
Sr,Fe,W,O
Ba,Zn,Re,O
K,Rb,Mo,F
Ba,La,Ru,O
K,Rb,Cr,F
Cs,K,Ni,F
Rb,Na,Mn,F
Cs,K,V,F
Cs,K,Cr,F
Cs,Na,Y,Br
Cs,K,Ti,F
Ba,Pr,Ru,O
Ca,Fe,W,O
K,Na,In,F
Li,Zr,Te,O
Li,Cr,Co,O
As,S,N,F
Ba,U,Cu,O
Cs,Rb,N,F
Cs,K,Ga,F
Cs,In,Bi,F
Rb,Na,Tl,F
Cs,Rb,Tl,F
Cs,Na,In,Cl
Li,Tl,Ga,F
Ca,Sn,N,O
Cs,Na,In,H
Cs,Rb,Ga,F
Cs,K,In,F
Ba,In,N,F
Cs,Tl,In,Br
La,Mg,Bi,O
Ca,La,Bi,O
Mg,Sn,W,O
Ca,Bi,W,O
Zn,Cu,W,O
Sr,Sc,Ir,O
Ba,Sc,Ir,O
Ba,Pr,Sb,O
Sr,Cr,Os,O
Ba,Zn,Te,O
Sr,Ni,Ir,O
Ba,Cu,Os,O
Ba,Sr,U,O
K,Na,Mn,F
Sr,Cu,Mo,O
Sr,Co,Os,O
Ba,Gd,Mo,O
Cs,Na,Bi,Cl
Sr,La,Co,O
K,Np,C,O
Na,Pb,I,O
Ba,U,Pb,O
Mn,Re,Pb,O
Sr,Ti,Fe,O
Rb,Na,Ga,Br
K,In,As,Br
Na,Y,Hg,F
Na,Hg,As,Cl
Na,In,Cu,F
Na,Sc,Au,F
Na,Ru,Au,F
Na,Li,Ti,F
Li,In,Cu,F
K,Li,Nb,F
Li,Cu,Ir,F
K,Li,Lu,Cl
K,Na,Ga,Cl
Na,Ag,Au,Br
K,Tl,Sb,Br
K,Rb,Y,Br
K,Na,Tl,I
K,Na,Pr,I
K,Na,Nd,Br
K,Li,Y,I
K,Li,Sb,Br
K,Li,Sb,I
K,Li,Nd,Cl
Rb,Y,Cu,F
Na,Sm,Cu,Cl
Na,In,Cu,Br
Na,Ga,Cu,F
Na,Ag,Sb,Cl
Na,Ag,As,Cl
Na,Al,Ag,Cl
K,Tl,Au,Br
K,Al,Tl,Cl
K,Rb,Ga,Cl
K,Rb,As,I
K,Na,Sc,Cl
K,Na,Sb,Cl
K,Na,Sc,Br
K,Li,Y,Cl
K,Li,Tl,Cl
K,Li,Mo,Br
Li,Ga,Cu,F
K,Rb,Tl,F
K,Pr,Ag,F
Cs,Rb,Sc,F
K,Al,Ag,Cl
Cs,Rb,Au,F
K,In,Ag,Cl
Cs,Na,Mo,Br
K,Cu,Au,F
K,Sc,In,I
K,In,Sb,I
K,Hg,As,I
K,Pr,Cu,Br
K,Y,Au,I
K,Y,Au,Cl
K,Er,Au,Cl
K,Y,Ag,Cl
K,Tl,Ag,Cl
K,Pr,Ag,Br
K,Nd,Ag,Cl
Cs,Tl,Sb,I
Cs,Rb,Sc,Br
Cs,Rb,In,Cl
Cs,Rb,Al,I
Cs,Na,Sc,I
Cs,Na,Mo,I
K,In,Cu,Br
K,In,As,Cl
K,Y,Hg,F
K,Y,Hg,Cl
K,In,Hg,Br
K,Al,Hg,Br
Rb,In,Hg,F
Cs,K,As,F
K,Sb,Au,Br
K,Rh,Au,F
Rb,Sm,Cu,Cl
K,As,Au,I
K,As,Au,Br
K,Y,Ag,F
K,Ag,Pd,F
K,Ag,Mo,Cl
Rb,Nd,Cu,Br
K,Ga,Ag,Cl
K,Ga,Ag,Br
Cs,Y,Tl,F
Cs,Sc,Tl,I
Cs,Tl,Ru,F
Cs,Tl,Ga,Br
Cs,Tl,Bi,Br
Cs,Rb,Eu,Cl
Cs,Rb,Ce,Cl
Cs,Na,Sc,Br
Cs,K,Ir,F
K,Ga,Au,F
Cs,K,Ru,F
Cs,Sc,Au,F
Cs,K,Au,F
Cs,Y,Hg,F
Cs,Na,Au,Br
Cs,Y,In,Cl
Cs,Nb,Au,F
Cs,Na,Bi,Br
Cs,Na,As,Br
Cs,Li,Tb,Cl
Cs,Li,Sb,I
Cs,Li,Nd,Cl
Cs,Li,La,Cl
Cs,K,Ta,Br
Cs,K,Pr,Cl
Cs,K,Lu,Cl
Cs,K,Ce,Br
Cs,Y,In,I
Cs,In,Sb,Cl
Cs,Y,Hg,Br
Cs,In,Hg,Cl
Cs,Nd,Cu,I
Cs,Y,Au,I
Cs,Sb,Au,I
Cs,Sb,Au,Cl
Cs,Er,Au,Cl
Cs,Al,Au,I
Cs,Sm,Ag,Cl
Cs,Pr,Ag,I
Cs,Na,Dy,Cl
Cs,Li,Pr,F
Cs,Li,Dy,Cl
Cs,Li,Bi,I
Cs,K,La,Cl
Cs,K,In,Br
Cs,K,Ga,Cl
Cs,K,Al,Br
Cs,Y,In,F
Cs,Y,In,Br
Cs,In,Ga,F
Rb,Ce,Ag,F
Rb,Cu,Au,Cl
Na,Tl,As,F
Cs,Hg,Sb,Br
Rb,Eu,Cu,Cl
Cs,In,Hg,Br
Cs,Rb,Y,F
Cs,Rb,Tb,Cl
Cs,Nd,Cu,Br
Cs,Rb,Gd,Cl
Cs,Y,Ag,F
Na,Li,Tl,Br
Cs,Tl,Ag,Cl
Rb,Y,Au,F
Cs,Ag,Mo,Cl
Cs,In,Cu,Br
Rb,In,Au,Cl
Rb,As,Au,F
Cs,Lu,Ag,Cl
Rb,In,Hg,Br
Cs,Ga,Ag,I
Rb,Cu,Bi,I
Cs,Rb,Ga,Br
Cs,Rb,Sc,Br
Rb,Bi,Au,I
Rb,Sb,Au,I
Rb,In,Au,Br
Rb,Sb,Au,Br
Rb,Ag,Sb,Cl
Rb,Sc,Ag,Br
Rb,Tb,Ag,Cl
Rb,Pr,Ag,Br
Rb,In,Ag,I
Rb,Lu,Ag,Cl
Na,Li,Nd,Cl
Rb,Ag,Bi,I
Na,Li,Dy,Cl
Rb,Cu,Ru,F
Rb,Na,Al,F
Na,Li,Sc,Cl
K,Na,Sb,F
Na,In,Hg,F
Na,Al,Hg,F
K,Rb,Eu,Cl
K,Rb,Tl,F
Rb,Na,Nd,F
Rb,Sc,In,F
K,Rb,Bi,Br
K,Rb,La,Cl
Rb,Li,Mo,Cl
Rb,Na,Er,Cl
Rb,Na,Gd,Cl
Rb,Na,Pr,Cl
Rb,Na,Pr,I
Rb,Tl,Ru,F
Rb,Li,Eu,Cl
K,Rb,As,I
Rb,In,As,I
Rb,Sc,In,I
Rb,Y,In,Br
K,Rb,Tm,Cl
Rb,Li,Ce,I
Rb,Li,Y,Cl
Rb,Tl,Sb,Br
Rb,Y,Hg,Cl
K,Rb,Ga,Cl
Rb,Na,Sc,Cl
Rb,Sc,Tl,F
Li,Ti,Bi,O
Ba,Ti,B,O
Li,Bi,B,O
Li,Fe,Te,O
As,N,O,F
Ba,Eu,Ru,O
Ba,Sc,Os,O
Sr,Pr,Nb,O
Sr,Lu,Nb,O
Ba,Zr,U,O
Sr,Ho,U,O
Rb,Na,Pd,F
Ba,U,Hg,O
Sr,Ca,Os,O
Cs,K,Yb,Cl
Cs,Rb,Cu,F
Rb,Li,Ru,Cl
K,Tl,Ga,F
Na,Sr,Re,O
Ba,Sc,Re,O
Ba,Cd,Mo,O
Zr,Ti,Pb,O
Y,Sc,B,O
Sr,La,Fe,O
Sr,Fe,Co,O
Nb,Zn,Pb,O
Lu,Sc,B,O
Li,Ge,Te,O
La,Mn,Ni,O
K,Sr,Bi,O
K,Ce,Ti,O
Ga,Fe,Bi,O
Ca,Mg,P,Se
Ba,Ga,Si,Se
Al,Ag,P,Se
Li,Cr,Co,O
Sr,Tm,Re,O
K,Na,Rh,F
Ba,Y,Ir,O
Sr,Cd,W,O
Sr,Mg,W,O
Ba,Ca,W,O
Ba,Mg,W,O
Ba,Fe,Mo,O
Ca,Fe,W,O
Ca,Fe,W,O
Ba,Mn,Re,O
Ba,Ca,Ir,O
Ba,Ce,Pt,O
Ba,Gd,Nb,O
Cs,Na,Ho,Cl
Sb,S,N,Cl
K,Rb,Ni,F
Ba,Nd,Co,O
Na,Tl,Mo,F
Ti,Zn,Bi,O
K,Na,Fe,F
Cs,K,Fe,F
Rb,Na,Co,F
Rb,Na,Bi,F
Rb,Na,V,F
Cs,K,Rh,F
Ba,Sm,Sb,O
Sr,Ga,Sb,O
K,Rb,Ti,F
Ba,Li,Re,O
Ba,Y,Ru,O
Ba,Bi,Sb,O
V,Ag,P,Se
K,Na,Al,F
Li,Mn,C,O
Li,V,Cr,O
Ba,Sr,Ir,O
Li,C,N,O
Rb,S,Cl,F
Cs,Na,Sb,Cl
Cs,I,Cl,F
Cs,K,Tl,F
Cs,Tl,In,F
Rb,Na,Sb,Cl
Cs,Tl,Ga,H
Tl,In,Ga,F
Cs,Na,Pb,F
Cs,Tl,Ga,F
Cs,Na,Li,F
Cs,Na,Mg,F
Cs,Al,Tl,H
Cs,Na,As,Cl
Cs,Rb,Ga,F
Cs,Tl,In,H
La,Zn,Mo,O
Ca,La,Mo,O
Ca,La,Fe,O
La,Zn,Cr,O
La,Zn,Ni,O
Mg,Ta,W,O
Mg,Sb,W,O
Zn,Te,W,O
Ca,Te,W,O
Zn,Sb,W,O
K,Na,Mo,O
Sc,Ni,Sb,O
Ca,Zn,C,O
Ba,Nd,Mo,O
Ba,U,Zn,O
Sr,Mg,Re,O
Ba,Gd,Mo,O
Rb,Na,Al,F
Ba,Sm,Os,O
Sr,Ta,In,O
Sr,Li,Re,O
Sn,Mo,Os,O
Tm,Sb,Pb,O
Ba,Nb,Fe,O
Na,Li,Nb,F
Na,Tl,Cu,Br
Rb,Sc,Hg,F
Rb,Hg,Rh,F
Rb,Ag,As,F
Rb,Na,Ga,F
Na,Li,As,F
K,Na,Rh,F
Na,Ag,As,F
K,Na,Nb,F
K,Rb,Pd,F
K,Na,In,Cl
K,Li,Tb,Cl
Na,Dy,Cu,Cl
K,Sc,Tl,Cl
Na,Cu,Bi,Br
K,Nb,Tl,F
K,Rb,Tl,Br
K,Rb,In,Cl
K,Rb,Er,Cl
K,Na,Pr,Br
K,Na,Gd,Cl
K,Li,Tl,Br
K,Li,Mo,I
K,Li,Nd,Br
K,Li,Er,Cl
K,Rb,Ga,I
Rb,Tl,Cu,Br
Na,Rh,Au,F
Na,Tm,Ag,Cl
Na,Ga,Ag,F
Na,Al,Ag,F
K,Tl,In,Br
Na,Al,Ag,Br
K,Rb,Ta,F
K,Rb,Bi,F
K,Na,Sc,I
K,Na,Dy,Cl
K,Li,Tm,Cl
Na,Tl,Ag,F
K,Rb,Rh,F
K,Li,V,F
K,Sc,Hg,F
K,Li,Sc,Cl
K,Ti,Au,F
K,Sb,Au,F
Cs,Rb,Nb,F
K,Eu,Cu,Cl
K,Sc,Hg,Cl
K,Tb,Cu,Cl
K,Sc,Au,Br
K,Dy,Cu,Cl
Cs,Na,Lu,Cl
K,In,As,I
K,In,Ga,I
K,Y,Hg,Br
K,Ta,Cu,I
K,Cu,Sb,Br
K,Pr,Cu,I
K,Cu,Mo,I
Cs,K,Ti,F
K,Tm,Au,Cl
K,Dy,Au,Cl
K,Pr,Ag,I
K,Pr,Ag,Cl
Cs,Tl,Bi,Cl
Cs,Rb,Tl,Br
Cs,Rb,Sb,Cl
Cs,Rb,Nd,Cl
K,Y,Cu,Cl
K,Gd,Cu,Cl
K,In,Sb,Br
K,Al,In,Br
K,Hg,Sb,Cl
K,Hg,As,Br
K,Hg,As,Cl
K,Y,Cu,I
K,Tl,Cu,Br
K,Cu,Sb,Cl
Cs,K,Y,F
Cs,K,Al,Br
K,Y,Au,F
Rb,Tm,Cu,Cl
Rb,Tb,Cu,Cl
K,Pr,Au,Cl
K,Ga,Au,Cl
K,Eu,Au,Cl
K,Tm,Ag,Cl
K,Ag,Sb,Br
K,Nd,Ag,Br
K,Ga,Ag,I
K,Ga,Ag,F
K,Eu,Ag,Cl
Cs,Sc,Tl,F
Cs,Sc,Tl,Br
Cs,Tl,Au,Br
Cs,Rb,Ta,F
Cs,Rb,Al,Br
Cs,Na,Al,F
Cs,Li,Y,F
Cs,Li,Nd,F
Cs,Li,Er,Cl
Cs,Sc,Hg,Br
Cs,K,Tl,I
Cs,K,Sb,I
Cs,K,In,Cl
Cs,K,Au,Br
Cs,K,Bi,Br
Cs,In,Bi,Br
Cs,Hg,As,I
Cs,Tb,Au,Cl
Cs,Dy,Au,Cl
Cs,Nd,Ag,Br
Cs,Nd,Ag,Cl
Cs,Ga,Au,F
Cs,Cu,Sb,Cl
Cs,Dy,Cu,Cl
Cs,K,Ta,I
Cs,K,Ta,F
Cs,K,In,I
Cs,K,Ce,Cl
Cs,In,Sb,F
Cs,Rb,Tl,F
Rb,Cu,Bi,Br
Cs,Rb,Y,Cl
Rb,Tl,Au,Cl
Rb,Cu,Bi,Cl
Rb,La,Cu,Cl
Rb,Ta,Cu,Br
Cs,Cu,Mo,I
Cs,Cu,Bi,F
Rb,Sc,Hg,Cl
Cs,Rb,Sb,Cl
Cs,Rb,Ga,Cl
Cs,Nd,Au,Cl
Cs,Rb,Au,Cl
Cs,Ga,Au,Cl
Cs,Rb,As,I
Cs,Rb,As,F
Cs,Rb,Dy,Cl
Na,Y,Cu,Br
Cs,Ta,Ag,Cl
Cs,Pr,Ag,Cl
Cs,Nd,Ag,F
Rb,Sc,Hg,I
Rb,Al,Au,F
Rb,In,Hg,I
Cs,Ag,Mo,Br
Cs,Eu,Ag,Cl
Cs,Ce,Ag,I
Cs,Ce,Ag,Br
Cs,Ag,Au,Br
Cs,Al,Ag,Br
Rb,Ti,Ag,F
Cs,In,Ag,F
Cs,Gd,Ag,Cl
Rb,Cu,Mo,Br
Rb,Pr,Cu,Br
Cs,Rb,In,Cl
Cs,Al,Ag,F
Rb,Nd,Au,Cl
Rb,Bi,Au,Br
Rb,Pr,Ag,Cl
Rb,Ta,Ag,I
Rb,Nd,Ag,Br
Rb,Ag,Sb,I
Rb,La,Ag,Cl
Rb,Tl,Cu,F
Rb,Ag,Rh,F
Na,Li,Sb,F
Na,Li,Au,Cl
Na,In,As,F
Na,Ga,Hg,F
Rb,In,Cu,F
Rb,Hg,Ru,F
K,Li,Ta,F
K,Li,Ta,Cl
K,Ta,Ag,F
Cs,Na,Ta,F
Rb,Ti,Hg,F
Rb,Li,Ce,F
K,Rb,Ga,I
Rb,Al,In,Cl
Rb,In,As,F
Rb,In,Bi,F
Rb,Tl,In,Br
K,Rb,Au,F
K,Rb,Pr,Br
K,Rb,Sc,Br
K,Rb,Tl,Br
Rb,Li,Au,Cl
Rb,Li,Au,F
Rb,Na,Al,Cl
Rb,Na,La,Cl
Rb,Na,Ta,Cl
Rb,Al,Tl,I
Rb,Tl,Sb,F
K,Rb,In,I
K,Rb,Au,Br
K,Rb,Bi,Cl
K,Rb,Bi,I
K,Rb,Dy,Cl
K,Rb,Er,Cl
Rb,Li,Bi,Cl
Rb,Li,Pr,Cl
Rb,Na,Bi,I
Rb,Na,In,I
Rb,Na,Y,I
Rb,Tl,As,Br
Rb,Li,Ga,F
Rb,Tl,Hg,Cl
Rb,Sc,In,Cl
Rb,Na,Ga,Cl
Rb,Nb,Tl,F
K,Rb,Ru,F
Rb,Li,Rh,F
Re,Ni,Pb,O
Ba,Gd,Ta,O
Cs,K,Sc,F
Ba,Pu,Mn,O
Ba,U,Cr,O
K,Li,Pd,F
Li,Sc,Tl,Cl
Sr,Zr,Ti,O
Sr,Nb,Ga,O
K,Sc,Tl,F
Sr,U,Cr,O
Ba,Ho,Mo,O
Ba,Dy,Mo,O
Ba,U,Ge,O
Ba,Lu,U,O
Ba,Zn,Mo,O
Ba,Cd,Os,O
Ba,Er,U,O
Rb,Li,V,Cl
Ba,Sc,Nb,O
Eu,Er,Ta,O
Ba,Tb,Ta,O
Ba,Li,Te,O
Yb,Ta,Pb,O
Sr,Mn,Bi,O
Sc,Nb,Pb,O
Na,Ti,Bi,O
Na,Ce,Ti,O
Na,Ge,Te,O
Mn,Zn,C,N
Mn,Nb,Fe,O
Lu,Ti,Cu,O
La,Mn,Cd,O
La,Nb,Cr,O
K,Na,Mg,F
K,Mg,Cu,F
La,Ce,Al,O
Ca,Ir,Pt,O
Ba,Sr,Sn,O
Ba,La,Co,O
Ba,Ta,Mn,O
Ba,Nb,Co,O
Ba,Pr,Nb,O
Ba,Pr,Pb,O
Ca,Ti,Pb,O
Sr,Li,Re,O
Ba,Lu,Nb,O
Ba,Eu,Nb,O
K,Na,Y,F
Rb,Na,Er,F
Cs,Na,In,F
Ba,Ho,Re,O
Ba,Yb,Re,O
Sr,Tb,Re,O
Na,Tl,Rh,F
Ba,U,Ni,O
Ba,Ca,Mo,O
Sr,Mg,W,O
Ba,Yb,Nb,O
Ba,Fe,Re,O
Na,Ti,Bi,O
Ba,Nd,Bi,O
Tb,Mn,Bi,O
Ti,Zn,Bi,O
Cs,Tl,V,F
Rb,Na,Fe,F
Cs,Rb,Bi,F
Cs,Na,Yb,Cl
Cs,Ag,Au,Cl
Cs,Ag,Au,Cl
Cs,K,Sc,Cl
Cs,K,Bi,F
Cs,K,Eu,Cl
K,Na,Sc,F
Ba,Nd,Nb,O
Ba,Y,Re,O
Ba,Ca,Re,O
Li,Co,C,O
Li,Co,Cu,O
K,Rb,Sc,F
Cs,Li,In,Br
Cs,S,Br,Cl
Rb,Na,Bi,Cl
Rb,Tl,In,F
Cs,Se,Cl,F
Rb,Na,Pb,F
Rb,Li,In,Cl
K,S,Br,Cl
K,Br,Cl,F
Cs,Rb,In,F
Cs,Na,In,Br
Ca,La,Sn,O
La,Mg,Sn,O
Ca,Ni,W,O
V,Zn,W,O
Ca,Mo,W,O
Mg,Te,W,O
Zn,Ag,W,O
Ba,Cu,Te,O
K,Na,W,O
In,Ni,Sb,O
La,Re,Ni,O
Ba,Bi,Ir,O
Sr,Ta,In,O
La,Ti,Co,O
Re,Tc,Sn,O
Ba,Ce,Nb,O
La,Zr,Ni,O
Cs,Na,La,Cl
Mo,Os,Pb,O
Ba,La,Ir,O
Sr,Y,Ta,O
La,Tc,Ni,O
Ba,Sm,Mo,O
Ba,V,Fe,O
K,Rb,Sc,I
Cs,K,Sc,F
Na,Tl,Hg,F
Na,Li,Tl,F
Na,Li,Y,F
Rb,Nb,Cu,F
Na,Li,Au,F
K,Na,Nb,F
Na,Li,Rh,F
K,Li,Ti,F
K,Li,Ga,F
K,Rb,Sc,F
Li,Cu,Sb,Cl
K,Na,Au,Cl
K,Li,Ce,Br
K,Li,Co,F
K,Rb,Lu,Cl
K,Rb,Ga,Br
K,Na,Sm,Cl
K,Na,Nd,Cl
K,Li,Ta,I
K,Li,Pr,Cl
Na,Ga,Au,F
Na,Ti,Ag,F
Na,Li,Al,F
K,Tl,Ir,F
K,Tl,In,F
K,Tl,As,F
K,Tl,As,Cl
K,Rb,Au,F
K,Na,Tl,Cl
K,Na,Tb,Cl
K,Na,Mo,I
K,Na,Bi,F
K,Li,Mo,Cl
K,Li,In,F
K,Li,Au,Cl
Li,Al,Cu,F
Na,Ti,Au,F
K,Tl,Au,F
K,Li,Cr,F
K,Hg,Pd,F
Rb,Hg,Sb,F
Cs,Al,Tl,F
Cs,K,Nb,F
Cs,Nb,Tl,F
K,Ce,Au,Cl
Cs,Rb,Tm,Cl
Cs,Na,Nd,Cl
K,In,Sb,Cl
K,Tb,Au,Cl
K,Sc,Au,Cl
K,Sb,Au,Cl
K,In,Au,Br
K,Bi,Au,Cl
K,Tl,Ag,I
K,Y,Ag,Br
K,Ta,Ag,I
K,Ta,Ag,Cl
K,Ag,Sb,I
K,Ag,Bi,I
K,Ce,Ag,Br
Cs,Y,Tl,Cl
Cs,Rb,La,Cl
Cs,Na,Pr,Cl
Cs,Na,Pr,I
K,Tl,Cu,F
K,Sc,In,Cl
K,In,Sb,F
K,Ga,Hg,Br
K,Pr,Cu,Cl
Cs,K,In,Cl
Cs,K,Al,Cl
Rb,Al,Hg,F
K,Ir,Au,F
K,As,Au,Cl
K,In,Au,I
K,Tl,Ag,F
K,Tl,Ag,Br
K,Ag,Au,Cl
Cs,Tl,In,Cl
Cs,Tl,As,F
Cs,Rb,Sb,I
Cs,Rb,Ga,Br
Cs,Rb,Au,Br
Cs,Na,Sb,F
K,Sc,Au,F
Cs,Li,Nb,F
Cs,Na,As,F
Cs,K,Ga,Br
Cs,Gd,Au,Cl
Cs,K,Ce,F
Cs,Tl,Cu,F
Cs,Na,Ce,Br
Cs,Al,In,I
Cs,Sc,Hg,I
Cs,Ga,Hg,I
Cs,Hg,As,Cl
Cs,Y,Cu,Cl
Cs,Cu,Bi,Br
Cs,Sm,Au,Cl
Cs,Y,Ag,Br
Cs,Ta,Ag,I
Cs,Ag,Sb,Cl
Cs,Li,Tm,Cl
Cs,Li,Tl,Cl
Cs,Li,Sb,Br
Cs,Li,Nd,I
Cs,K,Mo,Br
Rb,Al,Au,Cl
Rb,Cu,As,F
Na,Li,Lu,Cl
Cs,Y,Cu,I
Rb,Sc,Ag,Cl
Rb,Al,Hg,Cl
Cs,Rb,Ta,F
Cs,Cu,Bi,Cl
Cs,Tl,Au,I
Rb,Hg,Sb,Cl
Cs,Rb,In,Br
Cs,Rb,Al,Cl
Cs,Ga,Au,Br
Cs,Rb,As,Br
Cs,Rb,Al,Br
Cs,Sc,Ag,F
Cs,Sc,Ag,Br
Cs,Nd,Ag,I
Cs,Li,Eu,Cl
Cs,K,As,F
Cs,Sb,Au,F
Rb,As,Au,I
Cs,In,Ag,Br
Rb,Y,Ag,Br
Rb,Cu,Sb,Cl
Rb,Al,Hg,Br
Cs,Ce,Ag,Cl
Cs,Ag,Au,F
Cs,La,Ag,Cl
Cs,Al,Ag,Cl
Rb,Sm,Au,Cl
Rb,Ag,Mo,I
Rb,Ag,Sb,Br
Rb,Ag,Au,Cl
Na,Li,Ti,F
Na,Li,In,F
Na,Li,Bi,Br
K,Na,Ga,F
Na,Al,In,F
Na,Li,Y,Br
Na,Hg,As,F
Rb,Nb,Hg,F
Na,Ta,Ag,F
Cs,K,Al,F
Na,Li,Ir,F
Na,Li,Rh,F
K,Rb,Mo,Cl
Rb,Tl,Bi,F
Rb,Y,Tl,F
Rb,In,Ga,Cl
Rb,In,Sb,Br
Rb,Y,In,F
Rb,Li,Ce,Cl
Rb,Li,Ir,F
Rb,Na,Ce,F
Rb,Na,Lu,Cl
Rb,Na,Mo,Br
Rb,Na,Pr,F
Rb,Na,Sc,I
Rb,Tl,Ir,F
Rb,Ta,Tl,F
Rb,Y,Hg,I
Rb,Al,In,I
Rb,In,Bi,Cl
Rb,In,Sb,Cl
Rb,Y,In,I
K,Rb,Ce,Br
K,Rb,In,Br
K,Rb,Tl,I
Rb,Li,Dy,Cl
Rb,Li,Pr,Br
Rb,Li,Ta,Cl
Rb,Li,Ta,I
Rb,Li,Y,Br
Rb,Li,Y,I
Rb,Na,Eu,Cl
Rb,Na,Pr,Br
Rb,Na,Sb,I
Rb,Na,Y,Br
Rb,Y,Tl,I
K,Rb,As,Cl
Rb,Sc,Tl,Cl
K,Rb,Pr,F
Rb,Li,As,F
Na,Cr,Bi,O
Na,Co,Bi,O
Ba,Nb,Bi,O
Mg,Sn,B,O
Eu,Tm,Ta,O
Ba,Gd,Ta,O
Ba,Nd,Re,O
Ba,Nd,Ta,O
Cs,K,Pd,F
Cs,Na,Cr,Cl
Ba,U,Be,O
Sr,Mn,Re,O
Sr,In,Os,O
Ba,Nb,Rh,O
Sr,Dy,U,O
Ba,Yb,Mo,O
Cs,Li,Cr,F
Nb,Ga,Pb,O
Ba,In,Os,O
Sm,Eu,Ta,O
Na,Th,Ti,O
La,Mg,Nb,O
K,Th,Ti,O
Ba,Sm,Ta,O
Zr,Ti,Pb,O
Sr,Cr,Bi,O
Sr,Nb,In,O
Sr,Fe,Co,O
Nb,Fe,Pb,O
K,Ti,Bi,O
K,Mg,Cu,F
Er,Sc,B,O
Ca,La,Zr,O
Ba,Zr,In,O
Ba,Ta,Co,O
Al,Cu,P,Se
Ba,Nd,Nb,O
Ba,Yb,Ru,O
Ba,Ho,Ta,O
Ba,Ho,Ta,O
Ba,Sr,Te,O
Cs,Na,Tl,F
Cs,Na,Er,F
Cs,Na,Y,F
Rb,Na,Ti,F
Ba,La,Ir,O
Sr,Ca,W,O
Ca,Pd,W,O
Ba,La,Mn,O
Ca,Pd,W,O
Ba,Sm,Nb,O
Ba,Eu,Nb,O
K,Li,Al,H
K,Na,Al,H
Ba,Eu,Re,O
Ti,Zn,Bi,O
Sc,Ta,Pb,O
Cs,Na,Fe,F
Cs,K,Mo,F
Sr,Mn,Sb,O
K,Rb,V,F
Cs,Tl,Mo,F
Cs,K,Mn,F
Cs,Na,Er,Cl
Cs,Na,Sc,F
Ca,Mg,C,O
Ba,Ho,Ru,O
Ba,Er,Ru,O
Cs,Li,Ga,F
Ba,Pr,Sb,O
K,Li,Al,F
Ba,Y,Nb,O
Li,Cu,P,O
Li,Al,Fe,O
Li,Ta,Cu,O
Li,V,C,O
Li,Fe,Co,O
Li,Fe,W,O
K,Rb,Sc,F
K,Li,Al,F
Ca,Al,N,F
Ca,In,N,F
Rb,S,Br,Cl
Mg,Bi,P,N
K,Rb,In,Cl
Cs,Li,N,F
Sr,Sn,N,O
Ba,Tl,N,Cl
Cs,Na,Sr,F
Rb,Na,In,F
Ca,Sn,N,F
Cs,I,Br,Cl
La,Mg,Ti,O
La,Ti,Zn,O
La,V,Zn,O
Ca,La,Sb,O
La,Zn,W,O
Ca,V,W,O
Ca,Ag,W,O
Ba,Li,Os,O
Ba,Y,Os,O
Ba,Lu,Bi,O
Ba,Zr,Ti,O
La,Hf,Ni,O
La,Mn,Ni,O
Ba,Ta,In,O
Ba,Sr,U,O
Ba,V,Fe,O
Rb,Li,Nb,F
Na,Tl,Cu,Cl
Na,Y,Cu,F
Rb,Lu,Cu,Cl
Rb,Ga,Au,Cl
Cs,Rb,Ga,I
Rb,Hg,Bi,I
Na,Al,Tl,F
Na,Sc,Hg,F
Na,Sc,Cu,F
Na,Al,Cu,F
Na,As,Au,F
Na,Nb,Ag,F
K,Tl,Ga,Br
K,Sc,Tl,Br
K,Tl,Sb,Cl
K,Rb,Tm,Cl
K,Na,Y,Cl
K,Na,Ta,Br
K,Na,Ce,Cl
K,Na,Au,Br
K,Tl,In,I
Rb,Gd,Ag,Cl
Na,Cu,Au,Cl
Na,Sb,Au,F
Na,Ag,Ru,F
Na,In,Ag,Cl
Na,Li,Ta,F
Li,Al,Hg,F
K,Rb,Y,F
K,Rb,Sc,Br
K,Na,Sb,F
K,Li,Sb,F
K,Li,Rh,F
Na,Cu,As,F
Na,Ta,Au,F
Na,Sc,Ag,F
Na,Ag,Rh,F
K,Na,Au,F
K,Li,Ta,Br
K,Li,Nd,F
Cs,Na,Nd,F
K,Hg,Ir,F
Cs,Na,Rh,F
K,In,Ga,Cl
Cs,Sc,Tl,Cl
K,In,Hg,I
K,Nd,Cu,I
K,Cu,Bi,I
Cs,K,Al,I
K,Ce,Ag,Cl
K,Al,Ag,Br
Cs,Y,Tl,Br
Cs,Tl,In,I
Cs,Rb,Y,Br
Cs,Rb,Sc,I
Cs,Rb,Sm,Cl
Cs,Rb,Bi,Br
Cs,Rb,As,Br
Cs,Na,Tl,Br
Cs,Na,Nd,Br
Cs,Y,Tl,I
Cs,Rb,Ru,F
K,In,As,F
K,Al,In,F
K,Ta,Hg,F
K,In,Hg,F
K,Al,Hg,F
K,Lu,Cu,Cl
K,La,Cu,Cl
K,Cu,Bi,Cl
Cs,K,Pd,F
Cs,K,In,F
Cs,Rb,Ir,F
Na,Cu,Sb,F
Rb,Hg,As,F
K,Ru,Au,F
K,Nd,Au,Cl
Rb,Pr,Cu,I
K,Tb,Ag,Cl
K,In,Ag,Br
Cs,Al,Tl,Cl
Cs,Rb,Au,Cl
Cs,Rb,Al,Cl
Cs,Na,Mo,Cl
K,Ti,Ag,F
Cs,Na,Tm,Cl
Cs,In,Cu,Cl
Cs,In,Au,F
Cs,Al,Hg,Cl
Cs,Sc,Au,Br
Cs,Na,Gd,Cl
Cs,Li,Y,I
Cs,Li,Ta,Br
Cs,Li,Pr,Br
Cs,K,Y,Cl
Cs,K,Sc,I
Cs,K,Sb,Cl
Cs,K,Nd,Br
Cs,K,Ce,I
Cs,As,Au,I
Cs,Bi,Au,Br
Cs,Ag,Sb,Br
Cs,K,Pr,F
Cs,Hg,Sb,F
Cs,Na,Ce,F
Cs,Li,Bi,F
Cs,K,Tl,Cl
Cs,K,Mo,Cl
Cs,K,Al,I
Cs,Al,In,Cl
Cs,Al,In,Br
Rb,Ce,Cu,Cl
Cs,Al,Hg,F
Na,Li,Tb,Cl
Rb,Tl,Ag,Cl
Cs,Rb,Tm,Cl
Cs,Sb,Au,Br
Rb,Sc,Au,Br
Rb,Dy,Cu,Cl
Cs,Pr,Au,Cl
Cs,Bi,Au,I
Cs,Al,Au,Br
Cs,Rb,Al,I
Na,Sc,Cu,Cl
Cs,Tl,Ag,F
Rb,Sc,Au,F
Rb,Nb,Au,F
Rb,La,Au,Cl
Cs,As,Au,F
Rb,Sc,Cu,Cl
Cs,In,Ag,I
Rb,Y,Au,Br
Rb,Y,Au,Cl
Cs,Rb,As,Cl
Cs,Dy,Ag,Cl
Rb,Ta,Ag,Cl
Rb,Ga,Au,I
Rb,Bi,Au,Cl
Rb,Y,Ag,I
Rb,Nd,Ag,I
Rb,Pr,Ag,I
Rb,Ce,Ag,Cl
Rb,Ag,Au,Br
Rb,Ce,Ag,I
Rb,Ag,Ir,F
Na,Hg,As,Br
Na,Li,Bi,Cl
Rb,Ta,Ag,F
Rb,Al,Ag,F
Na,Li,Er,Cl
K,Na,Ta,F
Na,In,Hg,Br
Rb,In,Ag,F
Na,Cu,Au,F
K,In,Cu,Cl
Na,Li,Pd,F
K,Rb,Al,F
Rb,Sc,In,Br
K,Rb,Au,Cl
K,Rb,Ir,F
Rb,Li,Mo,Br
Rb,Li,Tb,Cl
Rb,Na,Dy,Cl
Rb,Na,Mo,I
Rb,Na,Nd,I
Rb,Na,Tb,Cl
Rb,Tl,As,Cl
Rb,Tl,Ga,Cl
K,Rb,Pr,I
Rb,Tl,Hg,I
K,Rb,Lu,Cl
K,Rb,Tb,Cl
K,Rb,Tl,Cl
Rb,Li,Pr,I
Rb,Li,Tl,Br
Rb,Na,Nd,Br
Rb,Na,Y,Cl
Rb,Tl,Sb,Cl
Rb,Tl,Sb,I
Rb,Li,Al,F
Rb,Li,Ta,F
Li,Ti,V,O
K,Tl,Cr,F
K,Na,Pd,F
Sr,La,Ta,O
Ba,Dy,U,O
Ba,Sm,Co,O
Na,Sr,I,O
Rb,Li,Ho,Cl
Sr,U,In,O
La,Ni,Mo,O
Ba,Pu,Ti,O
Ba,Ag,I,O
Sr,Mg,Mo,O
Rb,Na,V,Cl
K,Ta,Nb,O
Sr,Fe,Ir,O
Ba,Pr,Bi,O
Ba,Gd,Co,O
Tm,Ti,Cu,O
Ti,Mn,Fe,O
Ta,Nb,Ag,O
Ta,Mn,Fe,O
Ta,Fe,Pb,O
Sr,Nd,Mn,O
Sr,Zr,Mo,O
Sr,Ti,Ru,O
Sr,Ca,Cr,O
Sr,Nb,Ga,O
Sr,Mn,Ru,O
Sr,Co,Ru,O
Sr,Co,Sb,O
Mn,Fe,Sb,O
Mg,Fe,Si,O
La,Co,Ni,O
La,Al,Cu,Au
Ca,Fe,Bi,O
Ba,Sr,Hf,O
Ba,Nd,Fe,O
Ba,Tb,Nb,O
Ba,Ce,Pb,O
Ba,Ce,Zr,O
Cs,Li,La,Br
Ba,Tm,Nb,O
Ba,Tm,Ru,O
Sr,Fe,W,O
Li,V,Cr,O
Sr,Mn,Bi,O
Ba,Pr,Ru,O
Zn,Co,W,O
Ba,La,Ta,O
Ba,Tm,Re,O
Sr,Er,Re,O
Sr,Yb,Re,O
K,Rb,Rh,F
Rb,Na,Rh,F
Ba,Nd,Sb,O
Ba,Yb,Sb,O
Sr,Fe,Mo,O
Ba,Nd,Mo,O
Sr,Ca,Mo,O
Ba,Ca,W,O
Ba,Sm,Mo,O
Ba,Pr,Mn,O
Sr,Zn,W,O
Ba,Nd,Mo,O
Mg,Pb,W,O
Sr,Re,Ni,O
Cs,Na,U,Cl
Sr,La,Mn,O
Cs,Tl,Fe,F
Ba,Yb,Bi,O
Sr,Co,W,O
Ba,Cu,W,O
Ba,Cd,Re,O
Ba,Pr,Nb,O
Cs,Na,Mn,F
K,Rb,Bi,F
K,Rb,Fe,F
Cs,Na,Sm,Cl
Sr,Y,Sb,O
As,N,O,F
Ba,Tb,Nb,O
Na,Li,Al,H
Ba,Lu,Sb,O
Ba,Y,Sb,O
Ba,Ca,Os,O
Cs,K,Cu,F
Ba,Gd,Sb,O
Li,Co,Cu,O
Li,Mn,Ni,O
Li,V,C,O
Ba,Pr,Pt,O
Na,Li,N,F
Li,Tl,In,Cl
Cs,Rb,Pb,F
Cs,Na,N,F
Rb,Al,Tl,H
Cs,Li,Tl,F
Rb,Na,Tl,Cl
Rb,Tl,Ga,F
Ca,Pb,Se,N
Sr,Sn,N,F
Cs,Na,Ca,Cl
Ca,La,V,O
Ca,Co,W,O
Ta,Zn,W,O
Mg,Mo,W,O
Mg,Bi,W,O
Ca,Ta,W,O
Zn,Sn,W,O
Cs,Ag,Bi,Cl
Mn,Fe,W,O
Sb,N,O,F
Ba,La,Bi,O
Sr,Ca,W,O
Cs,Na,La,Br
Cs,Hg,Pd,Cl
Cs,Na,Ce,Cl
Ge,N,O,F
Cs,K,Sm,Cl
Sr,Zr,Ti,O
K,Na,V,F
Ti,Zn,Bi,O
Cs,In,Ag,Cl
Cs,Na,Ga,Br
Na,La,Cu,Cl
Rb,Hg,Ir,F
Rb,Cu,Au,F
Rb,Ga,Cu,F
Rb,Ta,Au,F
K,Na,Ru,F
Na,Ga,Hg,Br
Na,Y,Ag,F
K,Na,Pr,F
Li,In,Cu,Cl
K,Tl,Sb,F
K,Al,Tl,I
K,Rb,Y,Cl
K,Rb,Sb,Cl
K,Na,Y,I
K,Na,Bi,Br
K,Na,As,Br
K,Li,Pr,Br
K,Li,Pr,I
K,Li,Bi,I
Rb,Tl,Cu,Cl
K,Tl,In,Cl
K,Rb,Ti,F
K,Rb,Al,Cl
K,Na,Nd,I
K,Na,Eu,Cl
K,Na,Er,Cl
K,Li,Sb,Cl
K,Li,Ce,I
K,Li,Ce,Cl
Na,Pd,Au,F
Na,Li,Nb,F
Li,Sc,Cu,F
Li,Cu,Au,F
K,Rb,Ir,F
K,Na,Mo,Cl
K,Li,Ir,F
K,Hg,Au,F
K,In,Au,F
K,Tl,Hg,F
K,Bi,Au,Br
K,Sc,Ag,Br
K,Ag,As,Br
Cs,Tl,Ga,Cl
K,Y,Hg,I
K,Al,In,I
K,Hg,Bi,I
K,Hg,Bi,Cl
K,Ce,Cu,I
K,Sb,Au,I
K,Ta,Ag,Br
K,Ag,Mo,I
K,Ag,Mo,Br
K,Ce,Ag,I
K,Dy,Ag,Cl
Cs,Rb,Er,Cl
Cs,Rb,Dy,Cl
Cs,Rb,As,I
K,Sc,Cu,Cl
K,Al,In,Cl
K,Hg,Bi,Br
K,Tm,Cu,Cl
K,Nd,Cu,Cl
Cs,K,Ta,F
Cs,K,Sc,Cl
Cs,K,Au,F
Cs,Rb,Rh,F
K,Bi,Au,F
K,Al,Au,I
K,Sc,Ag,Cl
K,In,Ag,F
K,Ag,Au,F
Cs,Rb,Y,I
Cs,Na,Ta,I
Cs,Na,Ta,Cl
Cs,Tl,As,I
K,Ga,Hg,F
K,Hg,Bi,F
Cs,K,Ga,F
K,Ag,As,F
Cs,Tl,Sb,F
Cs,Li,Pd,F
Cs,Li,Au,F
Cs,Hg,As,F
Cs,In,Au,Cl
Cs,Li,Gd,Cl
Cs,K,As,Cl
Cs,K,Au,Cl
Cs,Al,Hg,Br
Cs,Na,Bi,I
Cs,Li,Nd,Br
Cs,K,Tm,Cl
Cs,K,Dy,Cl
Cs,In,As,Cl
Cs,Hg,Bi,Cl
Cs,Cu,Mo,Br
Cs,In,Au,Br
Cs,Ga,Au,I
Cs,Tl,Ag,I
Cs,Ta,Ag,Br
Cs,Sc,Ag,I
Cs,Ag,Sb,I
Cs,Na,Al,Cl
Cs,Li,Sc,Cl
Cs,Li,Sb,F
Cs,Li,Mo,I
Cs,Li,In,F
Cs,Li,Ce,F
Cs,Li,Au,Cl
Cs,K,Bi,I
Cs,K,Al,Cl
Cs,Sc,In,I
Cs,In,As,F
Na,Li,Tm,Cl
Rb,Er,Cu,Cl
Cs,Ga,Hg,Br
Rb,Ce,Cu,F
Rb,Ga,Hg,Cl
Cs,Tb,Cu,Cl
Cs,Ta,Cu,Cl
Rb,As,Au,Cl
Cs,Pr,Cu,Br
Cs,Cu,Mo,Cl
Cs,Cu,Bi,I
Cs,Rb,Sb,F
Rb,Pr,Cu,Cl
Rb,Ga,Hg,Br
Cs,Rb,Lu,Cl
Cs,Rb,Sc,Cl
Cs,In,Au,I
Cs,Al,Au,F
Cs,Al,Au,Cl
Rb,Sb,Au,F
Rb,Lu,Au,Cl
Cs,Sc,In,F
Rb,As,Au,Br
Cs,Ag,As,Cl
Rb,Hg,As,I
Rb,Hg,Sb,Br
Rb,Ta,Cu,I
Rb,Tl,Ag,Br
Cs,Er,Ag,Cl
Rb,In,Cu,Cl
Cs,Rb,Sc,F
Rb,Sc,Ag,I
Rb,Sc,Au,Cl
Rb,Tl,Au,I
Rb,Dy,Au,Cl
Rb,In,Au,I
Rb,Al,Au,Br
Rb,Pr,Ag,F
Rb,Nd,Ag,F
Rb,Er,Ag,Cl
Rb,Nb,Ag,F
Rb,Al,Ag,Br
Rb,Dy,Ag,Cl
Rb,Ag,Bi,F
Rb,Ce,Ag,Br
Na,Hg,As,I
Rb,Al,Ag,Cl
Rb,In,Au,F
Na,Li,Gd,Cl
Na,Ti,Hg,F
Na,Ta,Hg,F
Na,Hg,Pd,F
Na,Al,Hg,Br
Na,Al,Hg,Cl
K,Na,Ru,F
Cs,Nb,Cu,F
Rb,Li,Tl,F
Rb,Na,As,Cl
Rb,Na,Au,F
Rb,Na,Ir,F
K,Rb,Ce,F
Rb,Li,Nd,F
Rb,Li,Pr,F
Rb,Na,Tl,Br
Rb,Al,Tl,F
K,Rb,Mo,Br
K,Rb,Pr,Cl
K,Rb,Y,I
Rb,Li,Bi,Br
Rb,Li,Bi,I
Rb,Li,Nd,Br
Rb,Na,Bi,Br
Rb,Na,Ce,Br
Rb,Na,Nd,Cl
Rb,Na,Sm,Cl
Rb,Na,Ta,I
Rb,Tl,As,I
Rb,Tl,Ga,Br
Rb,Sc,Tl,Br
Rb,Y,Tl,Cl
Rb,In,Ga,Br
K,Rb,Al,Br
K,Rb,Al,Cl
Rb,Ti,Tl,F
K,Rb,Pd,F
Rb,Li,Ti,F
Rb,Na,Ru,F
Na,Mn,Bi,O
Sr,Mg,Re,O
Eu,Dy,Ta,O
Cs,Rb,Pd,F
Nd,Eu,Ta,O
Na,In,N,F
Ba,Gd,U,O
Sr,La,Sb,O
K,Rb,Cu,F
Ba,In,Sb,O
Sr,Yb,U,O
Ba,Sc,U,O
Eu,Y,Ta,O
Sr,Sm,U,O
Ba,Tb,Ta,O
Ba,Pu,Zn,O
K,Li,Cu,F
Ti,Tl,B,F
Ba,Tb,W,O
Ba,Ca,Nb,O
Tm,Sc,B,O
Sr,Eu,Co,O
Sr,Ti,Mo,O
Sr,V,Mo,O
Sr,Hf,Ti,O
Sr,Fe,Sn,O
Sr,Fe,Sn,O
Nb,In,Pb,O
Na,La,Zr,O
Mg,Ti,Zn,O
Mg,Fe,C,O
Mg,Te,Pb,O
La,Ti,Tl,O
La,Ce,Mn,O
La,Mg,Zr,O
La,Ga,Ni,O
Ho,Sc,B,O
Fe,Co,Bi,O
Co,Ni,P,S
Ca,Cd,C,O
Ba,Ga,Si,S
Ba,Zr,Sn,O
Ba,Tb,Sn,O
Ba,Mn,Nb,O
Ba,Ho,Nb,O
Ba,La,Mn,O
Fe,Re,Pb,O
Ba,La,Ta,O
K,Rb,Ga,F
Ba,Yb,Sb,O
Ba,Y,Sb,O
Rb,Na,Ho,F
Rb,Na,Ho,F
Sr,Zn,Mo,O
Sr,Cd,W,O
Ba,U,Mn,O
Ba,Re,Ni,O
Ba,La,Re,O
Ba,Eu,Ta,O
Ba,Mg,Re,O
Ba,Lu,Ir,O
Ba,Pr,Co,O
Ba,Ta,Bi,O
Ba,Bi,Sb,O
Ba,Nd,Ru,O
Ba,La,Ir,O
Rb,Na,Ni,F
K,Rb,Co,F
Sr,Co,Mo,O
Cs,Na,Bi,F
Cs,Na,Tb,Cl
Cs,Li,Lu,Cl
Cs,K,Tb,Cl
Ba,Nd,Sb,O
Ba,Pr,Ir,O
Sr,Cu,Te,O
Ba,Yb,Ta,O
Li,Mn,Cr,O
Rb,Na,Ga,F
Na,Tl,In,F
Rb,Na,Sb,F
Rb,Br,Cl,F
Rb,Li,Tl,Cl
Cs,K,N,F
Cs,Rb,In,F
La,Mg,V,O
Ca,Mn,W,O
Ca,La,Cr,O
Zn,Mo,W,O
Mg,Mn,W,O
Ti,Zn,W,O
Ca,Sb,W,O
Zn,Mo,W,O
Ba,Lu,Sb,O
K,Rb,In,F
Cs,Ag,Bi,Br
Y,Sb,Pb,O
Sr,Mg,Mo,O
Ba,Ce,Ta,O
Sr,Mg,Te,O
Sr,Zr,Co,O
Zr,Ti,Pb,O
Sr,La,Cr,O
Ba,Lu,Ta,O
Sr,Cr,Sb,O
Sr,Ta,In,O
K,Na,Pd,F
Rb,Hg,Sb,I
Cs,Rb,Nb,F
Cs,Rb,Al,F
K,Na,Ga,F
K,Rb,Nb,F
Na,In,Cu,Cl
K,Rb,Au,Cl
K,Na,La,Cl
Na,Li,Ga,F
Na,In,Ag,Br
Na,Ag,As,Br
K,Tl,As,I
K,Rb,Tb,Cl
K,Rb,Sb,Br
K,Rb,Gd,Cl
K,Na,Ce,I
K,Na,Bi,I
K,Na,Bi,Cl
K,Li,Nd,I
K,Li,La,Cl
K,Li,Dy,Cl
Na,Tb,Cu,Cl
Na,Er,Cu,Cl
Na,Ce,Cu,Cl
Na,Ag,Sb,F
Na,Ag,Pd,F
Na,Ag,Au,Cl
Li,Al,Ag,F
K,Sc,Tl,F
K,Tl,Rh,F
K,Tl,Pd,F
K,Tl,Ga,F
K,Tl,Bi,F
K,Tl,As,Br
K,Rb,As,F
K,Rb,Al,I
K,Rb,Al,Br
K,Na,Pd,F
K,Na,Nd,F
K,Na,In,Br
K,Na,Ga,Br
K,Na,As,Cl
K,Li,Y,F
K,Li,Y,Br
K,Li,Bi,F
Na,Li,As,F
K,Al,Tl,F
K,Rb,As,Cl
K,Li,Pd,F
K,Al,Ag,F
K,Ag,Rh,F
Cs,Na,Pr,F
K,Cu,Au,Cl
K,In,Au,Cl
Cs,Na,Ru,F
K,Tl,Hg,I
K,Tl,Hg,Br
K,Tl,Hg,Cl
K,Hg,Sb,Br
K,Y,Cu,Br
K,Y,Au,Br
K,Sc,Au,I
K,Sm,Ag,Cl
K,In,Ag,I
Cs,Tl,Sb,Br
Cs,Al,Tl,I
Cs,Rb,Sc,Cl
Cs,Rb,Bi,Cl
Cs,Na,Sb,Br
Cs,Rb,Ga,I
K,Er,Cu,Cl
K,Al,Cu,F
K,Hg,Rh,F
K,Hg,As,F
K,Al,Hg,Cl
K,Sm,Cu,Cl
Cs,K,Sb,F
Cs,K,Ga,Cl
K,Tl,Au,I
Rb,Hg,Bi,F
Rb,Y,Cu,Br
K,Ta,Au,F
K,Nb,Ag,F
Rb,Cu,Mo,I
K,Ag,Ir,F
K,Ag,Bi,Br
K,Ag,As,Cl
Cs,Tl,Rh,F
Cs,Rb,Sb,F
Cs,Rb,Gd,Cl
Cs,Na,Tl,Cl
K,Sc,Cu,F
K,Ce,Cu,Br
Cs,K,Ru,F
Cs,Na,Ga,F
Cs,Al,In,F
Cs,Ta,Hg,F
Cs,Tm,Cu,Cl
Cs,As,Au,Cl
Cs,Hg,Au,F
Cs,Li,Y,Br
Cs,Li,Sb,Cl
Cs,Li,Bi,Br
Cs,K,Ta,Cl
Cs,K,Nd,Cl
Cs,K,As,I
Cs,In,Bi,I
Cs,In,As,Br
Cs,Hg,Sb,Cl
Cs,Ta,Cu,Br
Cs,Hg,As,Br
Cs,Pr,Cu,I
Cs,Y,Ag,I
Cs,Na,Eu,Cl
Cs,Na,Au,Cl
Cs,Li,Ta,Cl
Cs,Li,Pr,I
Cs,Li,Mo,Br
Cs,Li,Ce,Cl
Cs,Li,Bi,Cl
Cs,K,Tl,Br
Cs,K,Pr,I
Cs,K,Pd,F
Cs,K,Sc,Br
Cs,K,Er,Cl
Cs,Sc,In,Cl
Cs,In,Ga,Cl
Cs,Tl,Hg,I
Na,Hg,Sb,F
Cs,Hg,Sb,I
Rb,Cu,Mo,Cl
Na,Cu,Sb,Cl
Na,Li,Sb,Cl
Rb,In,Hg,Cl
Cs,Y,Cu,Br
Cs,Rb,Y,Br
Cs,Eu,Cu,Cl
Cs,Rb,Pd,F
Na,Pr,Cu,Cl
Rb,Ag,As,Cl
Rb,Sc,Hg,Br
Rb,Ce,Au,Cl
Cs,Rb,Au,Br
Cs,Bi,Au,Cl
Rb,Tl,Au,Br
Rb,Ti,Au,F
Rb,Pr,Au,Cl
Rb,Ru,Au,F
Rb,Pd,Au,F
Rb,Ga,Au,F
Cs,Ta,Cu,I
Cs,La,Cu,Cl
Rb,Ga,Hg,I
Rb,Hg,As,Br
Rb,Ce,Cu,Br
Rb,Nd,Cu,I
Cs,Ga,Ag,Cl
Rb,Sc,Ag,F
Rb,Er,Au,Cl
Rb,Ag,Sb,F
Rb,Tl,Ag,I
Rb,Nd,Ag,Cl
Rb,Ga,Ag,F
Rb,Ga,Ag,Cl
Na,Li,Bi,I
Na,Li,La,Cl
Rb,Ag,Au,F
Rb,Al,Cu,F
Na,Li,Tl,Cl
Na,Li,Sc,F
Na,Li,Eu,Cl
Na,In,Ga,F
Na,Hg,Rh,F
Na,Tl,Cu,F
Na,Cu,Bi,F
K,Na,Ta,Cl
K,Ti,Cu,F
K,Cu,As,F
Cs,Ta,Au,F
Rb,Na,Pd,F
Rb,In,Sb,I
Rb,Li,Gd,Cl
Rb,Li,In,F
Rb,Li,Lu,Cl
Rb,Li,Sb,Cl
Rb,Li,Ta,Br
Rb,Na,Mo,Cl
Rb,Na,Nb,F
Rb,Na,Ta,F
Rb,Al,Tl,Cl
Rb,Tl,Pd,F
K,Rb,Al,I
Rb,In,Ga,I
K,Rb,Ce,Cl
K,Rb,Ce,I
K,Rb,Nb,F
K,Rb,Nd,I
K,Rb,Sb,I
Rb,Li,Sb,I
Rb,Y,Tl,Br
Rb,In,As,Cl
K,Rb,Ga,Br
Rb,Li,Ce,Br
Rb,Na,As,Br
Rb,Na,Au,Br
Rb,Tl,Hg,F
Rb,Y,Hg,F
Rb,Li,Sc,F
Na,Ni,Bi,O
Ba,U,Cu,O
Eu,Mg,W,O
Ba,U,Ti,O
Ba,Tm,Mo,O
Ba,Nd,Ta,O
Tb,Eu,Ta,O
Ba,Er,Mo,O
Na,Sr,Os,O
Ba,Y,Zr,O
Ba,Pr,Ta,O
Ba,La,U,O
Co,Re,Pb,O
Ba,Y,U,O
Ba,Eu,Mo,O
Ba,Er,Ta,O
Ba,Sc,Ta,O
Ba,In,Re,O
Eu,Ta,Al,O
Ba,Er,Re,O
La,Ni,W,O
Ba,Tm,Ta,O
Rb,Na,Cr,Cl
Ba,Mg,Os,O
Rb,Na,Cu,F
Rb,Li,Rh,Cl
La,Mg,Ti,O
Cs,Li,Al,F
Ba,Hf,U,O
Cs,K,Ho,Cl
Sr,Pr,Ta,O
Ba,Sm,U,O
Sr,Nd,Nb,O
Sr,Er,U,O
Ba,Gd,Re,O
Sr,Sc,Bi,O
Yb,Sc,B,O
Yb,Ti,Cu,O
Sr,Nd,Co,O
Sr,Fe,Sn,O
Na,La,Ru,O
Li,La,Ti,O
Li,Ta,Cu,O
La,Ce,Al,O
La,Ti,Cr,O
Ba,La,Mn,O
Ba,Ti,V,S
Ba,In,Bi,O
Ba,Ce,Nb,O
Ba,Y,Ta,O
Sr,Ta,Ga,O
Ba,Dy,Nb,O
Mg,Fe,W,O
Ba,La,Ru,O
La,Mg,Fe,O
Rb,Na,Y,F
Ba,Tb,Re,O
Ba,Dy,Re,O
Sr,Gd,Re,O
Sr,Dy,Re,O
La,Mg,Ni,O
Sr,Mg,Ir,O
Ba,Sr,W,O
Sr,Ni,Os,O
Ba,Gd,Nb,O
Mg,Te,Pb,O
Ba,U,Cu,O
Ba,Ta,Bi,O
Ba,Zn,W,O
Ba,Ca,Te,O
Ba,La,Sb,O
Ba,Ta,Bi,O
Ba,La,Nb,O
K,Na,Cr,F
K,Na,Ni,F
Li,Ni,P,S
Cs,Tl,Bi,F
Rb,Na,Cr,F
Rb,Li,Dy,Br
Cs,Li,Y,Cl
Cs,K,Y,F
Ba,Gd,Sb,O
Ba,Tb,Sb,O
Sr,Ga,Sb,O
Ba,Mg,C,O
Ba,Er,Nb,O
Ba,Ho,Sb,O
Ba,Na,Re,O
Li,Fe,Si,O
Li,Cr,Co,O
Cs,Rb,Y,F
Sr,Ho,Re,O
Sr,Sn,B,O
Sr,In,N,F
Rb,Na,As,F
Rb,Al,In,H
Cs,Br,Cl,F
Rb,Tl,In,Cl
Li,Tl,In,F
Cs,Ca,Sn,Cl
Cs,Na,Ca,F
Cs,Na,Ga,H
Cs,Rb,In,Br
La,Zn,Bi,O
Ca,La,Ti,O
Ca,La,W,O
Ca,Ti,W,O
Ca,Cr,W,O
Mg,Ti,W,O
Ca,Sn,W,O
Mg,Cu,W,O
Zn,Bi,W,O
Sr,Ti,Mo,O
Sr,Mn,Nb,O
Sr,Gd,Ru,O
Re,Tc,Pb,O
Na,V,N,F
Ba,Ho,Co,O
Sr,Zn,W,O
Sr,Zn,Mo,O
Ti,Zn,Bi,O
Na,Ti,Bi,O
Na,Li,Ru,F
Na,Tm,Cu,Cl
Na,Li,Al,F
K,Na,As,F
K,Li,Sc,F
K,Y,Tl,F
K,Rb,Sb,F
K,Rb,Ga,F
Na,Ga,Ag,I
K,Y,Tl,Br
K,Na,Sb,Br
K,Na,Sb,I
K,Na,Pr,Cl
K,Na,In,I
K,Na,Ce,Br
K,Li,Bi,Cl
Li,Sc,Cu,Cl
K,Li,Bi,Br
Na,Sc,Ag,Cl
Na,Ga,Ag,Br
Na,Ag,Au,F
Na,Li,Ru,F
K,Tl,Ru,F
K,Al,Tl,Br
K,Rb,Ru,F
K,Rb,In,F
K,Rb,As,Br
K,Na,Al,Cl
K,Li,Tl,F
K,Li,In,Cl
K,Y,In,Cl
Na,Ag,Ir,F
K,Na,Ti,F
Cs,Rb,Ir,F
Cs,Rb,As,F
K,Tl,Cu,Cl
K,Ga,Hg,Cl
Cs,Na,Sc,Cl
K,Hg,Au,Br
Cs,Rb,As,Cl
Cs,Na,Ir,F
K,Lu,Au,Cl
K,Gd,Au,Cl
K,Ga,Au,I
K,Sc,Ag,I
K,Nd,Ag,I
K,Ag,Au,Br
Cs,Tl,As,Br
Cs,Rb,Tb,Cl
Cs,Na,Y,I
K,Hg,Sb,F
K,Ta,Cu,Br
K,Nd,Cu,Br
K,Ce,Cu,Cl
Cs,K,As,Br
K,As,Au,F
K,Ag,Sb,F
K,Ag,Sb,Cl
K,Ag,Bi,Cl
K,La,Ag,Cl
Cs,Tl,Au,F
Cs,Tl,Bi,I
Cs,Tl,As,Cl
Cs,Rb,Tl,I
Cs,Rb,Ga,Cl
Cs,Rb,In,I
K,In,Ga,F
K,Ti,Hg,F
Cs,Rh,Au,F
Cs,Cu,As,Cl
Cs,Pr,Cu,Cl
Cs,Sc,Ag,Cl
Cs,In,Ga,Br
Cs,As,Au,Br
Cs,Li,Sm,Cl
Cs,Li,Pr,Cl
Cs,K,Y,I
Cs,K,Bi,Cl
Cs,K,As,Br
Cs,Tl,Hg,Br
Cs,Hg,Bi,Br
Cs,Y,Au,Br
Cs,Nb,Ag,F
Cs,Cu,Au,F
Cs,Na,Ga,Cl
Cs,Li,Ta,I
Cs,Li,In,Cl
Cs,K,Y,Br
Cs,K,Sb,Br
Cs,K,Mo,I
Cs,K,Gd,Cl
Cs,In,Sb,Br
Rb,Bi,Au,F
Rb,Na,As,F
Cs,Tl,Hg,F
Cs,Sc,Hg,Cl
Cs,Hg,Bi,I
Cs,Sc,Cu,Cl
Cs,Rb,Tl,Br
Cs,Cu,Sb,I
Cs,Ce,Cu,I
Na,Nd,Cu,Cl
Rb,Cu,Sb,Br
Cs,Sc,Au,Cl
Rb,In,Cu,Br
Cs,La,Au,Cl
Cs,Y,Ag,Cl
Cs,Tm,Ag,Cl
Cs,Tl,Ag,Br
Cs,Pr,Ag,F
Rb,Eu,Au,Cl
Cs,Sc,In,Br
Cs,Tl,Au,Cl
Rb,Hg,Au,Br
Rb,Hg,Bi,Br
Rb,Hg,Bi,Cl
Rb,Y,Cu,Cl
Cs,Ag,Bi,I
Rb,Tl,Ag,F
Rb,Y,Au,I
Rb,Sc,Au,I
Rb,Tb,Au,Cl
Rb,Ag,Ru,F
Rb,Y,Ag,Cl
Rb,Ga,Ag,I
Na,Li,Pr,Cl
Na,Li,Y,Cl
Rb,In,Ag,Cl
Rb,Ag,Bi,Br
Rb,Ag,Bi,Cl
Rb,Ga,Ag,Br
Na,Li,Bi,F
K,Na,Ir,F
K,Na,As,F
Na,Ga,Hg,Cl
Na,Hg,Au,F
K,Nb,Hg,F
Na,Li,Ga,F
K,Rb,Nd,F
Rb,Tl,In,I
K,Rb,Mo,I
Rb,Li,Y,F
Rb,Na,Sc,F
Rb,Al,Tl,Br
Rb,Tl,Bi,Br
Rb,Na,Ce,I
Rb,Sc,Tl,I
Rb,Y,In,Cl
K,Rb,Gd,Cl
K,Rb,Sm,Cl
K,Rb,Ta,Cl
K,Rb,Ta,I
Rb,Li,Sb,Br
Rb,Li,Sb,F
Rb,Na,Ce,Cl
Rb,Na,In,Br
Rb,Na,Sb,Br
Rb,Na,Ta,Br
Rb,Na,Au,Cl
Rb,Tl,As,F
Rb,Li,Ru,F
Li,Mn,Co,O
K,Ba,I,O
Sr,Cr,Os,O
Ba,Ta,Tl,O
Ba,Y,Mo,O
Ba,Pr,Ta,O
Cs,K,Cr,Cl
Ba,Zn,Os,O
Eu,Ho,Ta,O
Ba,Yb,U,O
Nb,Fe,Pb,O
Eu,Gd,Ta,O
K,Na,Cr,Cl
Rb,Li,V,Cl
Li,La,V,O
K,Ta,Nb,O
Ba,Li,I,O
Sr,Al,Sb,O
Ti,Ag,Bi,O
Sr,Ca,Cr,O
Sc,Sb,Pb,O
Na,Sr,Nb,O
Na,Ti,Te,O
Mg,Ti,Bi,O
La,Cr,Mo,O
K,Na,Nb,O
Cd,Fe,P,S
Ce,Al,Cu,Au
Ca,La,Co,O
Ba,Pr,Sn,O
Sb,S,N,F
Ba,Ca,Re,O
Cs,K,Ag,F
K,Na,Cu,F
Ba,Mg,U,O
Ba,Ca,W,O
Co,Te,Pb,O
Ba,La,Co,O
Ba,Nb,In,O
Mn,Sn,B,O
Ba,Na,Os,O
Sr,Ni,Mo,O
Ba,U,Fe,O
Sr,Cu,W,O
Ba,Bi,Sb,O
Ba,Tb,Bi,O
K,Na,Mo,F
Cs,K,Mn,F
K,Tl,Mo,F
Rb,Na,Mo,F
Rb,Na,Tm,Cl
Ba,Lu,Ru,O
Ba,Dy,Sb,O
Ba,Nd,Ru,O
Ba,Er,Sb,O
Ba,Y,Ta,O
Li,V,Co,O
Sr,Y,Re,O
Ca,Ti,Si,O
Cs,As,Br,Cl
Cs,S,Cl,F
Cs,Al,In,H
Rb,Na,In,Cl
Cs,Pb,Cl,F
Cs,Tl,Si,H
Na,Tl,Ga,F
Rb,In,Ga,F
Cs,K,Pb,F
Cs,Na,Al,H
Cs,Al,Ga,H
La,Mg,Sb,O
La,Zn,Sb,O
La,Zn,Sn,O
La,Mg,W,O
Ca,Cu,W,O
Mg,Ag,W,O
Zn,Ni,W,O
La,Mg,Rh,O
Na,Sn,Te,O
Sr,Zr,Mn,O
Tl,Sb,P,Se
Dy,Tl,P,Se
Ca,Sc,Os,O
Na,Ti,Si,O
Na,Mn,Ge,O
Ca,V,Si,O
Eu,Ho,Ta,O
Li,Al,P,S
Pr,Mg,Ir,O
Eu,Mg,Ir,O
Ba,Sm,Co,O
Zr,P,C,O
Li,La,Re,O
Sr,Co,Sb,O
Sm,Zn,Pt,O
Pr,Co,Ru,O
Na,Cr,P,S
Li,Pr,Ru,O
La,Nb,Ni,O
Ho,Mn,Ni,O
Gd,Zn,Pt,O
Er,Mg,Ti,O
Ca,Fe,Mo,O
Sr,Ca,Mn,O
Sr,Ta,V,O
Sr,Nb,Co,O
Sr,Co,Sb,O
Sm,V,Fe,O
Na,Tm,Ti,O
Na,Pr,Ti,O
Na,Dy,Ti,O
Na,Br,Cl,O
Mn,Cu,Se,O
Mn,In,Sb,O
La,Mn,Bi,O
La,Ti,Cu,O
La,Cr,Fe,O
Cs,Mn,Ni,F
Ca,Y,Ti,O
Ca,Lu,Mn,O
Na,La,Os,O
Sr,Y,Ta,O
Dy,Mn,Co,O
Li,La,Os,O
Lu,Fe,Co,O
Zn,Cr,Si,O
Mg,Si,Sn,O
Mg,Co,W,O
Mg,Cr,Sb,O
La,Ti,Cr,O
Sr,Fe,W,O
Sr,V,Mo,O
Li,V,C,O
Sr,Cr,Os,O
Ba,Mn,Nb,O
Mn,Fe,Re,O
Sr,Fe,Co,O
Ca,V,W,O
Mg,Mn,W,O
Mg,Fe,Ir,O
Li,Cr,Co,O
Tm,Ag,P,Se
Sr,Ca,Ir,O
Zn,Ni,Ge,O
Zn,Cr,Sb,O
Sr,Co,W,O
Ba,Co,Mo,O
Ba,Mn,W,O
Ca,Mn,W,O
Sr,Co,W,O
Na,Cr,Si,O
Li,Fe,Ge,O
Sr,U,Co,O
In,Ag,P,S
Li,Cu,P,O
K,La,Nb,O
Ag,Bi,P,S
Ba,Cu,Si,O
K,Nd,Nb,O
La,Ti,Zn,O
Ba,Pr,Ir,O
Sr,U,Fe,O
Sr,Zn,Re,O
Sr,Ca,C,O
Sb,Cl,O,F
Ca,Nb,In,O
Na,Sb,P,S
Mn,Ni,Bi,O
Sr,Tb,Ir,O
Cs,Na,Al,F
Li,Bi,B,O
Li,Ti,Te,O
Li,Cu,P,O
Li,Co,Ni,O
Cs,Ta,B,O
Sr,Cu,Se,O
Ho,Mg,Fe,O
Ho,Mg,Mo,O
Ho,Mg,Co,O
Ho,Mn,Zn,O
Ho,Mg,Ni,O
Ho,V,Zn,O
Ho,Mg,W,O
Ho,Zn,W,O
Mg,Ag,Sb,O
Mg,Ta,Sb,O
Zn,Si,Sn,O
Ca,Fe,Sb,O
Ca,Ni,Sb,O
Ca,Ta,Ti,O
Mg,Ta,Fe,O
Ta,V,Zn,O
Ca,Sb,W,O
Ba,Tl,Mo,O
Zn,Cu,Ir,O
Mg,Mn,Ir,O
Ca,Ni,Ir,O
Ca,La,Fe,O
Ca,Pr,Sb,O
Pr,Mg,Sn,O
Ca,Pr,W,O
Ca,Ho,Ti,O
Ba,Nb,Fe,O
Ba,Pr,Nb,O
Mn,Pb,W,O
Sr,Hf,Fe,O
Sr,Zn,W,O
Mn,Zn,Si,O
Li,Al,Br,O
Li,Pr,Ir,O
Na,Nd,Ir,O
Ni,Pb,W,O
Tm,Ni,Ru,O
Sr,Lu,Ta,O
Sm,Ni,Ru,O
Pr,Mg,Pt,O
Pr,Ni,Pt,O
Li,La,Ti,O
Li,Tb,Ru,O
Ho,Mg,Ti,O
Ho,Co,Pt,O
Gd,Ni,Ru,O
Ca,Tm,Ru,O
Y,Er,Al,O
Ta,Bi,O,F
Sr,Ca,Mn,O
Sr,V,Mo,O
Sr,Ca,Mn,O
Pr,Mn,Rh,O
Nd,Mn,Fe,O
Nd,Co,Ni,O
Na,Ho,Ti,O
Na,Lu,Ti,O
Na,Eu,Ti,O
Mg,Ti,Mn,O
La,Fe,Pb,O
La,V,Fe,O
La,Fe,Co,O
Ho,V,Fe,O
Ca,Tm,Mn,O
Ce,V,Fe,O
Li,Pr,Os,O
Zn,Cu,Si,O
Ca,Mn,W,O
Zn,Co,W,O
Sr,Cr,Os,O
La,Zn,Co,O
Ba,Fe,Mo,O
Ba,Fe,W,O
La,Mn,Cd,O
Ba,La,Mn,O
Ca,Y,Mn,O
Li,V,Ni,O
Ca,Co,Ge,O
Ca,La,Cr,O
Sm,Ti,Mn,O
Sr,Cd,W,O
Sr,Ca,Mo,O
Ca,Ni,W,O
Sr,Ca,Mo,O
Y,Mn,Ni,O
Ca,Mg,W,O
Na,Mn,Si,O
Li,La,Mo,O
Co,Pb,W,O
Sr,Nb,In,O
In,Cu,P,Se
Sr,Nd,Bi,O
Li,Mn,Ni,O
Sr,Co,Mo,O
Sb,P,O,F
Na,Li,V,O
Ca,Bi,As,O
Ba,Ca,U,O
Sr,Ho,Sb,O
Cs,Na,Co,F
V,Ag,P,O
Li,Al,Si,O
Ba,Zr,B,O
Ba,Tb,Mn,O
Ba,Cu,Te,O
Ba,Ti,O,F
Mg,Bi,As,O
Ca,Mg,Si,O
La,Zn,Ir,O
Cs,Na,Ga,F
Ca,Fe,W,O
Na,In,Si,O
K,Rb,Sc,F
Na,Li,Al,F
Li,Ga,Si,O
Ga,Ag,P,Se
K,Rb,Y,F
Li,Ti,V,O
Li,Cr,W,O
P,H,N,O
Li,Ni,C,O
Li,Fe,Si,O
Sr,Sm,Nb,O
Ba,Cu,Se,O
Ca,Ho,Ni,O
Ba,Tl,Sb,O
Ca,Co,Rh,O
Mg,Cu,Sb,O
Zn,Fe,Sb,O
Ba,Mn,Tl,O
Ba,Tl,Ni,O
Ca,Ta,Cu,O
Ta,Zn,Bi,O
Mg,Ta,W,O
Mg,Mo,W,O
Mg,Sn,W,O
Zn,Cu,W,O
Zn,Mo,W,O
Mg,Ti,Ir,O
Mn,Zn,Ir,O
Zn,Cu,Ge,O
Ca,Sn,Ge,O
Ca,Ge,W,O
Pr,Zn,Sb,O
Pr,Mg,Mn,O
Pr,Mg,Cr,O
Pr,Mg,Mo,O
Pr,Zn,Ni,O
Ho,Ti,Zn,O
Ho,Mg,Sn,O
Ca,Al,Si,O
Ca,Al,Si,O
Sr,Mn,Mo,O
Mn,Fe,Re,O
Gd,Ti,Zn,O
Ca,Fe,Os,O
Sm,Tl,P,Se
Mn,Cr,Sb,O
Mg,Ti,Si,O
Ca,Ti,Si,O
Zn,Si,W,O
Cd,Hg,Se,O
Li,Fe,Ge,O
Mn,In,Ni,O
Mn,Fe,Sb,O
Sr,Ho,Ta,O
Cs,Li,Sc,Cl
Y,Mn,Co,O
Li,Sm,Ir,O
Li,La,Ir,O
Ba,Pd,Se,O
Yb,Mg,Ti,O
Sm,Ni,Pt,O
Nd,Ni,Pt,O
Na,Ce,C,O
Li,Mn,Te,O
K,V,Ag,O
K,Eu,C,O
Ho,Ni,Ru,O
Eu,Ni,Pt,O
Eu,Ni,Ru,O
Eu,Co,Ru,O
Ba,Er,Re,O
Yb,Mn,Co,O
Tb,Al,Fe,O
Sr,Ca,Ti,O
Sr,Ti,Mn,O
Sr,Nb,Fe,O
Sm,Mn,Rh,O
Nd,Mn,Rh,O
Na,Nd,Ti,O
Mn,Re,Pb,O
Mn,Cd,Te,O
La,Sm,Cr,O
La,Fe,Ni,O
Gd,Fe,Bi,O
Eu,Ti,Cu,O
Ca,Nd,Mn,O
Ba,Sr,Mn,O
Ca,Nb,O,F
Ca,Ti,Ru,O
Mg,Cr,Si,O
Ca,Cu,Si,O
Sr,V,Mo,O
Sr,Co,W,O
Zn,Ni,W,O
Sr,V,Mo,O
Sr,Fe,Co,O
Sr,Fe,Sn,O
Sr,La,Fe,O
Sr,Fe,W,O
Sr,V,Mo,O
Li,Co,Ni,O
Sr,Fe,W,O
La,Ti,Cr,O
Mg,Cr,W,O
Na,La,Ta,O
Er,Ag,P,Se
Sr,Y,Ru,O
Sr,Tm,Ta,O
Ca,Fe,Mo,O
Nd,Mn,Ni,O
K,Li,Al,H
Sr,Co,Re,O
Ca,Pr,Mn,O
Sr,U,Mn,O
Sm,Mn,Ni,O
Mn,Ni,Bi,O
Cr,Hg,Pb,O
Ca,Ni,W,O
Cd,Bi,As,O
Cs,Ag,N,O
Cs,Nb,B,O
V,Ag,P,S
La,Mg,Ir,O
Na,Sc,Si,O
Li,Fe,Si,O
Li,Nd,Ti,O
Tm,Sb,Pb,O
K,In,Ge,O
K,Yb,C,O
Ho,Mg,Mn,O
Ca,Ho,Cr,O
Ca,Ho,Co,O
Ca,Ho,W,O
Zn,Sn,Sb,O
Ta,Zn,Sb,O
Ca,Sn,Sb,O
Ca,Ag,Sb,O
Ca,Cu,Sb,O
Mg,Ta,Ti,O
Zn,Ni,Sb,O
Ca,Sb,Mo,O
Mg,Ta,Ag,O
Ca,Ta,Bi,O
Mg,Ta,Sn,O
Ta,Zn,Cu,O
Ca,Ta,Ni,O
Ca,Ta,W,O
Mg,Bi,W,O
Mg,Ta,W,O
Ca,Ta,W,O
Zn,Te,W,O
Ti,Zn,Ir,O
Mg,Cu,Ir,O
Mg,Sn,Ge,O
Ca,Pr,Bi,O
Pr,Zn,Cu,O
La,Mg,Cr,O
La,Zn,Cr,O
Li,La,Fe,O
Na,Yb,P,S
Li,Ti,Si,O
Gd,Mg,Ir,O
La,Mn,Ni,O
Y,Mn,Cr,O
H,C,Se,O
Li,Eu,Ir,O
Na,La,Ir,O
Ba,Mg,C,O
Y,Mg,Ti,O
Tb,Mg,Ti,O
Tb,Co,Pt,O
Sr,H,I,O
Sr,Sm,Ta,O
Nd,Ni,Ru,O
Na,Sm,C,O
Li,Sm,Ru,O
Li,Nd,Ru,O
Gd,Mg,Pt,O
Eu,Mg,Pt,O
Ca,Sc,Re,O
Ba,Li,U,O
Tb,V,Fe,O
Sr,Sm,Mn,O
Sr,Pr,Co,O
Sr,La,Ru,O
Nd,Ta,O,F
Nd,Mn,Cr,O
Nd,Fe,Ni,O
Na,Gd,Ti,O
Li,Ga,Ge,Se
La,Nd,Mn,O
La,Mn,Cr,O
Gd,Ti,Cu,O
Ga,Ag,Ge,Se
Ce,Ag,P,Se
Ca,Tb,Mn,O
Ca,La,Mn,O
Ca,Mn,Ru,O
Ca,V,Mo,O
Ba,Sr,Pb,O
Ca,Zn,Ge,O
Mg,Mn,Si,O
Ca,Si,W,O
Ti,Zn,Si,O
Ca,Cr,W,O
Ca,La,Co,O
Ba,La,Mn,O
Zn,Co,W,O
Zn,Cr,W,O
Mg,Cr,Ge,O
Sr,Mn,Mo,O
Mn,Zn,W,O
Sr,Fe,W,O
Mg,Co,W,O
Zn,Fe,Ir,O
Sr,Ca,U,O
Cs,Na,Ti,F
Sr,Er,Mo,O
Ca,Co,Si,O
Nd,Mn,Co,O
Na,Pr,Os,O
Sr,Lu,Ru,O
In,Ag,P,Se
Ba,Co,W,O
Sr,In,Sb,O
Na,Li,Al,H
Cr,Fe,Bi,O
Ca,V,Bi,O
Cs,Na,Mn,F
Sr,Mn,Mo,O
Ba,Tb,Mn,O
Na,La,C,O
Cd,Hg,S,O
Tb,Mn,Ni,O
Ba,Ca,C,O
La,Mg,Ti,O
Sr,Ho,Ru,O
K,Sb,P,Se
Li,Co,C,O
Li,Fe,C,O
Li,Co,Si,O
Li,Co,Si,O
Li,Fe,C,O
Sb,H,O,F
Na,Sc,Ge,O
Li,Sn,Te,O
Sr,Mg,U,O
Rb,Sm,C,O
Ho,Mg,Cr,O
Ho,Mg,V,O
Ho,Zn,Co,O
Ba,Ti,Tl,O
Ca,Cu,Rh,O
Ba,Tl,V,O
Ba,Tl,Co,O
Ca,Co,Sb,O
Mg,Ta,Bi,O
Ta,Zn,Ag,O
Mg,Ta,Ni,O
Ca,Ta,Mo,O
Ba,Tl,W,O
Mg,Te,W,O
Zn,Sb,W,O
Mg,Ni,W,O
Zn,Cr,Ir,O
La,Mg,Fe,O
Pr,Mg,Ag,O
Pr,Ti,Zn,O
Pr,Zn,Sn,O
Pr,Zn,Bi,O
Pr,Mg,Co,O
Ca,Pr,Cr,O
Ca,Pr,V,O
Ho,Mg,Bi,O
Ho,Mg,Sb,O
Ca,Ho,Sb,O
Ca,Ho,Sn,O
Ho,Zn,Sn,O
Sr,Yb,Nb,O
Y,Tl,P,Se
Er,Tl,P,Se
Sc,Mn,Ni,O
Ca,La,Sb,O
Co,Br,N,O
V,Ag,As,O
Ba,Lu,Ir,O
Mg,U,Pb,O
Na,Nd,Ru,O
Li,Nd,Ir,O
K,Na,Al,H
Sr,Ti,Mn,O
Y,Ni,Ru,O
Sr,Yb,Ta,O
Sr,Sc,Ta,O
Sm,Co,Ru,O
Nd,Zn,Pt,O
Na,Pr,C,O
Na,Nd,C,O
K,Tb,C,O
K,Sm,C,O
K,Tm,C,O
La,Mg,Nb,O
K,Lu,C,O
Li,Eu,Ru,O
K,Er,C,O
Gd,Ni,Pt,O
Eu,Zn,Pt,O
Dy,Mg,Ti,O
Dy,Co,Pt,O
Dy,Ni,Ru,O
Ca,Yb,Ru,O
Ba,Na,U,O
Y,Cr,Fe,O
Y,Mn,Fe,O
Ti,Mn,Ni,O
Sr,Pr,Mn,O
Sr,Mn,Cr,O
Na,Yb,Ti,O
Na,Er,Ti,O
Mn,Co,Te,O
La,Pr,Cr,O
Dy,V,Fe,O
Ca,Nd,Mn,O
Ca,Tm,Mn,O
Dy,Cr,Fe,O
Li,Sm,Os,O
Zn,Si,Ni,O
Ca,Cr,W,O
Ba,Nb,V,O
Sr,Ca,Mn,O
Sr,Mn,Mo,O
Sr,Fe,Sn,O
Sr,V,Mo,O
Zn,Fe,W,O
Ca,Y,Mn,O
Tb,Yb,Pr,S
Ca,Mn,Ge,O
Mg,Mn,Ge,O
Mg,Co,Ge,O
Li,V,Ni,O
Ba,Y,Mn,O
Ba,Fe,W,O
Sr,Ni,Mo,O
Ca,Co,W,O
La,Ni,Ru,O
Sr,Fe,W,O
Tl,In,P,Se
Rb,Li,Fe,F
Mg,V,Bi,O
Ca,La,Mn,O
Cs,Na,Fe,F
Ba,Ni,W,O
K,Ta,B,O
Cd,Hg,Se,O
K,Sb,P,S
Ru,Cl,O,F
Cs,Na,Cr,F
Cs,Na,V,F
K,Na,Al,H
Na,Al,Si,O
Na,Ti,Si,O
Ba,Ca,C,O
Sr,Ce,Ir,O
Li,La,Sb,O
Li,Mn,Si,O
Li,V,Ni,O
Sc,Ag,P,S
Sr,Sm,Sb,O
Ho,Zn,Mo,O
Mg,Fe,Sb,O
Ti,Zn,Sb,O
Mg,Ni,Sb,O
Mg,Sn,Sb,O
Zn,Ag,Sb,O
Zn,Cu,Sb,O
Mg,Ta,Cu,O
Ta,Zn,Sn,O
Ca,Ta,Fe,O
Ca,Ta,Co,O
Ta,Zn,Cr,O
Ta,Zn,Ni,O
Ta,Zn,Mo,O
Ta,Zn,Fe,O
Zn,Ag,W,O
Ca,Sn,W,O
Ca,Bi,W,O
Ca,Ag,W,O
Ca,Te,W,O
Ca,Ti,W,O
Mg,V,Ir,O
Zn,Ir,W,O
Ca,Cr,Ir,O
Mg,Co,Ir,O
Mg,Ti,Ge,O
Ti,Zn,Ge,O
Ca,Ti,Ge,O
Pr,Mg,Cu,O
Ca,Pr,Ag,O
Ca,Pr,Sn,O
Pr,Mg,Fe,O
Ca,Pr,Fe,O
Pr,Mg,W,O
Pr,Zn,Mo,O
Ho,Zn,Sb,O
La,Zn,Rh,O
Ba,Cr,Mo,O
Sr,Hf,Cr,O
Sr,Fe,Os,O
Tl,Sb,P,S
Y,Sb,Pb,O
Na,Pr,Ir,O
Ba,Ta,Fe,O
V,Cd,Bi,O
Sr,Sc,Nb,O
Li,Gd,Ru,O
Li,Ca,Te,O
K,Y,C,O
Er,Ni,Ru,O
Ca,Sc,Ta,O
Ca,Sc,Nb,O
Ca,Ta,In,O
Y,Er,Fe,O
Sr,Ca,Ti,O
Sr,Ti,Mn,O
Sr,Fe,Sb,O
Sm,Ti,Cu,O
Sm,Co,Ni,O
Nd,Ti,Cu,O
Na,Y,Ti,O
Na,La,Ti,O
Na,Tb,Ti,O
Na,Li,V,O
La,Pr,Mn,O
Gd,Y,Fe,O
Gd,V,Fe,O
Er,V,Fe,O
Ca,Gd,Ta,O
Na,Sm,Ir,O
Li,Nd,Os,O
Lu,Mn,Co,O
Mg,Cu,Si,O
Zn,Fe,Si,O
La,Ga,Ni,O
Ca,Co,W,O
Ca,La,Mn,O
Li,Fe,W,O
Sr,Co,Sb,O
Sr,Fe,Os,O
Ca,Fe,W,O
Mg,Co,W,O
Sr,Ta,Mn,O
Zn,Cr,W,O
Ba,Fe,Mo,O
Mn,Fe,Re,O
Ca,La,Mn,O
Sr,V,Mo,O
Sr,V,Mo,O
Mg,V,W,O
K,Li,Al,F
Sr,Y,Ir,O
La,V,Fe,O
La,Mn,Cr,O
Sr,Ca,W,O
La,Co,Ir,O
Sr,Mn,W,O
K,Na,V,O
Ba,Mn,Mo,O
Na,Nd,Os,O
Sr,Lu,Bi,O
Ca,Mn,Ir,O
Sr,Tm,Ru,O
Mn,Co,Bi,O
Ba,Ni,Mo,O
In,Ga,Bi,S
La,Mn,V,O
Sr,U,Ni,O
Sr,Co,Te,O
Ba,Co,Mo,O
Li,Al,Si,O
Ca,Zn,Si,O
Li,Si,Bi,O
Li,Ti,V,O
U,Cd,Pb,O
Ba,Pr,Ru,O
Ca,Ho,Fe,O
Ca,Ho,V,O
Ba,Tl,Bi,O
Ca,Cu,Ir,O
Ca,Fe,Rh,O
Mg,Sb,W,O
Mg,Sb,Mo,O
Zn,Bi,Sb,O
Ca,Ti,Sb,O
Ca,Ta,Sb,O
Zn,Sb,W,O
Ca,Ta,Ag,O
Ca,Ta,V,O
Mg,Ta,V,O
Ta,Zn,Co,O
Ta,Mn,Zn,O
Ta,Zn,W,O
Ca,Cu,W,O
Mg,Ag,W,O
Mg,Sb,W,O
Ta,Zn,W,O
Zn,Sn,Ir,O
Ca,Sn,Ir,O
V,Zn,Ir,O
Zn,Sn,Ge,O
Pr,Mg,Ti,O
Pr,Mg,Sb,O
Ca,Pr,Cu,O
Pr,Mg,V,O
Ca,Pr,Co,O
Pr,Zn,Cr,O
Pr,V,Zn,O
Pr,Zn,W,O
Ho,Zn,Bi,O
Ca,Ho,Bi,O
Sr,Ni,Ru,O
Tl,In,P,S
Nd,Mg,Ir,O
Na,Al,P,S
Sr,Ca,Te,O
Sr,Ta,V,O
Sr,Cr,W,O
Tm,Mg,Ti,O
Pr,Mn,Ni,O
La,Co,Ru,O
La,Cu,Ir,O
Eu,Co,Pt,O
Tb,Mn,Cr,O
Sr,Ho,Mn,O
Sr,Ca,Ru,O
Sr,Ta,Fe,O
Sc,Mn,Sb,O
Nd,V,Fe,O
Nd,Mn,Ga,O
Mn,Te,Pb,O
La,Cu,Rh,O
Ca,Sm,Mn,O
Ca,Mg,Re,O
Na,Er,P,S
K,Na,Al,H
Ba,La,Fe,O
La,Mg,Fe,O
Li,V,Cr,O
Ca,Cr,Sb,O
Sr,Hf,Fe,O
Mn,Zn,W,O
Ba,Fe,Mo,O
Mg,V,W,O
Ca,Cr,W,O
Mg,Cr,W,O
V,Zn,W,O
Rb,Li,Ga,F
Sr,Gd,Ru,O
Ba,Ni,Te,O
Sr,Cd,W,O
La,Mn,Co,O
Sr,Ni,W,O
Sr,Ni,W,O
Ca,Ni,Os,O
Na,Fe,Ge,O
Mn,Ni,Bi,O
Ca,Ho,Mn,O
Li,Fe,Si,O
Sr,U,Zn,O
Mg,Bi,P,O
Ba,Y,Mn,O
Sr,Yb,Ru,O
Ba,La,Sb,O
Sr,Tm,Nb,O
K,Bi,P,S
Cr,Ag,P,S
Ba,La,Ta,O
Yb,Pr,Dy,S
K,Bi,P,Se
Cs,Li,In,Cl
Sr,Tb,Ru,O
Sr,Er,Ru,O
Na,La,Ru,O
Li,Sc,Si,O
Ca,Mg,Si,O
Na,Ga,Si,O
Li,Cr,C,O
Li,V,Fe,O
Li,Mn,C,O
Li,V,C,O
Li,La,Ti,O
Cu,H,Br,N
K,Ho,C,O
Ho,Zn,Cr,O
Ho,Zn,Ni,O
Ca,Mn,Ni,O
Zn,Sb,Mo,O
Mg,Bi,Sb,O
Ca,V,Sb,O
Ca,Sb,W,O
Ta,Ti,Zn,O
Mg,Ti,W,O
Ti,Zn,W,O
Zn,Bi,W,O
Mg,V,W,O
Ca,Ti,Ir,O
Mg,Sn,Ir,O
Mg,Cr,Ir,O
Mg,Ir,W,O
Zn,Co,Ir,O
Ca,Ir,W,O
Mg,Cu,Ge,O
La,Zn,Fe,O
Ca,Pr,Ti,O
Pr,Mg,Bi,O
Ca,Pr,Ni,O
Pr,Mn,Zn,O
Pr,Zn,Fe,O
Pr,Zn,Co,O
Ho,Mg,Ti,O
Na,Ga,Ge,O
Na,Ge,Te,O
Ba,V,Mo,O
Dy,Mn,Ni,O
Tb,Tl,P,Se
Na,In,Ge,O
Y,Mn,Cr,O
Ca,Sc,Sb,O
Sr,Ca,Sb,O
Sm,Mg,Pt,O
Sm,Co,Pt,O
Pr,Zn,Pt,O
Nd,Mg,Pt,O
Nd,Co,Ru,O
Mg,Cr,Si,O
K,Rb,In,F
Gd,Mn,Ni,O
Zn,Cu,Se,O
Y,V,Fe,O
Sr,Pr,Fe,O
Sr,Ca,Hf,O
Sr,Ca,V,O
Pr,V,Fe,O
La,Y,Ti,O
La,Nd,Co,O
La,Mn,Ga,O
Gd,Mn,Co,O
Dy,Y,Fe,O
Eu,Mn,Rh,O
Ca,Y,Mn,O
Ca,Lu,Mn,O
Ba,Sr,Fe,O
Ca,Si,Sn,O
Ca,V,W,O
La,Mg,Co,O
Zn,Cr,W,O
La,Co,Ni,O
Ca,Fe,W,O
La,Mn,Cd,O
Sr,Mn,Bi,O
Mg,Cr,W,O
Sr,Y,Sb,O
Sr,V,Mo,O
Mg,Fe,W,O
Zn,Fe,W,O
Mg,Mn,W,O
Sc,Ag,P,Se
Ba,Sr,U,O
Tl,V,Ag,O
Li,V,Si,O
Sr,Fe,Mo,O
Na,Cr,Ge,O
Sr,Lu,Ir,O
Na,Pr,Ru,O
Ba,Cu,Si,O
Tl,Bi,P,S
Sr,Dy,Sb,O
Ag,Bi,P,Se
Cu,Bi,P,Se
Sb,Br,O,F
Sr,Y,Nb,O
Li,In,Si,O
Ca,Cu,Ge,O
Ca,P,H,O
Li,La,Ru,O
Sr,Co,W,O
Li,Si,Bi,O
Li,Co,C,O
Li,Mn,W,O
Sm,Mg,Ir,O
K,Gd,C,O
K,Dy,C,O
Ho,Zn,Fe,O
Ca,Ho,Mo,O
Ba,Tl,Sn,O
Mg,V,Sb,O
Mg,Ti,Sb,O
Zn,Co,Sb,O
Mg,Co,Sb,O
Ca,Bi,Sb,O
Ca,Ta,Sn,O
Mg,Ta,Mo,O
Ca,Mo,W,O
Mg,Cu,W,O
Zn,Sn,W,O
Mg,Si,W,O
Ca,Cu,Ir,O
Ca,V,Ir,O
Mg,Ni,Ir,O
Mg,Ge,W,O
Zn,Ge,W,O
Pr,Zn,Ag,O
Pr,Mg,Ni,O
Ca,Pr,Mo,O
Li,V,C,O
Ba,In,Ir,O
Li,V,C,O
Li,V,Si,O
Dy,Y,Mn,O
Ba,Ti,Fe,O
Ba,Ca,C,O
Li,Ti,Si,O
Ba,Nb,Fe,O
Na,Tb,Si,O
K,Li,Al,F
Li,V,Cr,O
Lu,Sc,Fe,O
Mn,Re,Pb,O
Ba,Co,Ru,O
Li,Cr,Si,O
Li,Fe,Si,O
Ba,Mn,Ru,O
Ba,Ni,Os,O
Cs,Na,Ti,F
Ba,In,Ru,O
Sr,Ti,Mn,O
Mg,V,Si,O
Na,Sc,Se,O
Rb,Y,Te,O
Rb,Y,Se,O
La,Tl,P,Se
Ba,Nd,Sn,S
Ca,Ti,Fe,O
Cs,Ga,Se,O
Ba,La,Sb,Se
Sr,Co,Ge,O
Sr,Mn,Ge,O
Na,Cr,P,S
Sr,Mn,Nb,O
Cr,Ga,Bi,O
Ca,Mn,Sb,O
V,Zn,Si,O
Mn,Zn,Sb,O
Sr,Mn,Nb,O
Ca,Fe,Ge,O
Ca,La,Fe,O
Sr,Mn,Nb,O
Sr,Fe,Sn,O
Li,Mn,C,O
Ca,V,Ge,O
Zn,Co,Ge,O
Sr,Ni,Te,O
Ba,Nb,Cr,O
Ti,H,S,O
Sr,Fe,Re,O
Cd,Ge,Bi,O
K,Ag,P,O
Na,V,Ge,O
Li,Fe,Se,O
H,N,O,F
K,La,P,S
Sb,I,Cl,F
Cu,Bi,P,O
Cu,Bi,As,O
Cu,Bi,P,Se
Li,Mn,Si,O
K,H,I,O
Li,Cr,P,O
Ca,V,Ge,O
Ca,Fe,Ge,O
Ca,Al,Si,O
Ca,Ti,Mn,O
Ba,V,Fe,O
Li,Cr,Te,O
Mn,Zn,Si,O
Ca,Cr,Sb,O
Ca,Ti,Mn,O
Cd,Cu,Se,O
Li,Te,W,O
Na,Ga,Se,O
Ba,Zn,Se,O
Sr,Mn,Te,O
Rb,Ag,P,O
Ca,Nb,Cr,O
Ta,Nb,Ag,O
Sr,Ti,Fe,O
La,Zn,Co,O
Ca,La,Co,O
Li,Fe,Te,O
La,Cu,Sn,O
Mg,V,Ge,O
Ca,Cr,Ge,O
V,Zn,Ge,O
Na,Fe,Si,O
Mn,Bi,P,O
Sr,Zn,Se,O
Al,S,N,Cl
Ba,Bi,Ru,O
Na,Sm,P,S
H,C,N,O
Fe,Ag,Se,O
Li,V,C,O
Li,Co,C,O
Li,Fe,C,O
Li,Ti,V,O
Ca,Cr,Ge,O
Zn,Co,Ge,O
Zn,Ni,Ge,O
V,Zn,Ge,O
Mn,Zn,Ge,O
Sr,Zr,V,O
Li,Ga,Se,O
K,Sn,O,F
K,Ga,Se,O
Sr,Co,Sb,O
Mg,Cr,Si,O
Mn,Cd,Te,O
Mg,Ti,Ni,O
Fe,Cu,Sb,O
Ca,La,Mn,O
Ba,Mn,Nb,O
Mg,Mn,Sb,O
V,Zn,Sb,O
Sr,Zr,V,O
Sr,Fe,Re,O
Sr,Nb,Co,O
Sr,Co,Sb,O
La,Ti,Cr,O
Li,Co,C,O
Ba,Ta,Mn,O
Zn,Fe,Si,O
Ca,Mn,Sb,O
Li,Co,C,O
Rb,Ag,N,O
Rb,Mo,Se,O
Na,Nb,As,O
K,Sb,P,O
V,Bi,Pb,O
K,Eu,Cu,S
Li,Co,C,O
Na,Li,V,O
Li,Cr,C,O
Mg,Ni,Ge,O
Mg,Ge,W,O
Zn,Fe,Ge,O
Mg,Mn,Ge,O
Sr,Ni,Ir,O
Li,Cr,Ge,O
Ca,Mn,Re,O
Ba,Ni,Ru,O
Pr,Tl,P,Se
Ce,Tl,P,Se
Ba,Ce,Sn,S
Na,Tb,Si,O
Sr,Ni,Te,O
La,Zr,Cu,O
Ti,Mn,Zn,O
Sr,Ti,Mn,O
Sc,Mn,Bi,O
La,Ga,Fe,O
Co,Cu,Te,O
Zn,Co,Si,O
Sr,Fe,Sn,O
La,Ga,Co,O
Sr,Fe,Sn,O
Mg,Ta,Mn,O
Ca,Fe,Ir,O
Ba,Ta,Mn,O
Mg,Ta,Cr,O
Zn,Fe,Ge,O
K,Ag,N,O
Na,V,Si,O
La,Mg,Mn,O
Ca,La,Mn,O
Sr,Ta,Fe,O
Cd,Ge,Bi,O
Sb,P,Cl,O
Zn,Bi,P,O
Mo,P,Cl,O
Ca,Ta,Mn,O
Na,Y,Se,O
Sr,Mn,Se,O
Li,V,Si,O
Na,V,P,O
Ga,Se,N,Cl
Fe,Se,N,Cl
K,Th,Sb,Se
Na,Ce,P,Se
Cs,K,Bi,Cl
Cr,Cu,P,S
Li,Ga,Si,O
K,Ce,Cu,Se
Sr,Mn,Mo,O
As,P,H,O
Li,Co,C,O
Li,P,W,O
Li,Mn,C,O
Li,Cu,P,O
Na,V,P,O
Zn,Cu,Ge,O
Zn,Sn,Ge,O
Mg,Sn,Ge,O
Ca,Mg,Si,O
Ba,Nb,Fe,O
Ba,Nb,V,O
Ti,Zn,Sn,O
Ca,Cr,Si,O
Ce,Tl,P,S
Cu,Hg,Se,O
Na,Fe,Se,O
Ca,La,Mn,O
Ba,Cu,Si,O
Th,H,S,O
Sr,Fe,Sb,O
K,Pr,P,Se
K,In,P,Se
La,Mn,Rh,O
Cu,Ni,Te,O
Ca,Mn,Nb,O
Ca,La,Mn,O
Ca,Ti,Mn,O
Ca,Ti,Cr,O
Li,Fe,Si,O
Mg,Si,Ni,O
Sr,Ta,Mn,O
Ca,La,Co,O
Li,Co,C,O
Ca,La,Fe,O
La,Ti,Cr,O
Li,Co,C,O
Sr,Ta,Co,O
Sr,Nb,Co,O
Sr,Mn,Nb,O
Ca,Co,Ir,O
Ca,Ni,Ge,O
Zn,Cr,Ge,O
Mg,Fe,Ge,O
Sr,Co,Ge,O
Ca,Cr,Ge,O
Zn,Cr,Ge,O
Cs,Pr,C,O
Ba,Mn,Te,O
Li,Fe,Si,O
Ca,Mn,Si,O
Li,Cr,Si,O
Ba,Co,Re,O
K,Ge,B,O
As,S,I,F
Mg,Bi,P,O
Nb,Tl,B,O
Ga,Re,Cl,O
Sr,Co,Re,O
Tl,Bi,P,Se
Ba,Zn,Se,O
Li,Ni,C,O
Mg,Ti,Ge,O
Ca,Ti,Ge,O
Ca,Ge,W,O
Ca,Al,Si,O
Ca,Al,Si,O
Ca,Al,Si,O
K,Si,B,O
Li,Al,Ge,O
La,Sm,Co,O
Li,Sc,Si,O
Cs,Sc,Se,O
Li,Sc,Ge,O
Cs,Y,Se,O
Mn,Pb,W,O
La,Tl,P,S
Ti,V,H,O
Sr,Ti,O,F
Li,Te,Mo,O
La,Ti,Co,O
Cs,Na,U,Br
Ca,Nb,Fe,O
K,Al,Si,O
Ca,Zr,Pb,O
Li,V,C,O
La,Mn,Zn,O
Sr,Fe,Sn,O
Ba,Mn,Nb,O
Sr,Mn,Nb,O
Ba,Ta,Mn,O
Sr,Ti,Fe,O
Li,Mn,C,O
Li,Co,C,O
Mn,Zn,Ge,O
Mg,Ni,Ge,O
Li,Co,C,O
Ca,Fe,Si,O
Mg,Pb,W,O
La,Ni,Ir,O
Mg,V,Bi,O
Cs,Gd,C,O
Li,Al,Si,O
Ca,Co,Te,O
Na,Sb,P,S
Ba,Cu,Se,O
Ba,La,Bi,S
K,V,P,O
Li,V,Ge,O
Na,La,Se,O
K,Bi,P,Se
K,La,P,Se
Li,V,P,O
Ba,Cu,Se,O
Ca,Cu,Ge,O
Ba,Zn,Se,O
Li,Si,Ni,O
Li,Fe,C,O
Li,V,C,O
Li,V,C,O
Li,Nb,B,O
Li,B,Sb,O
Li,V,C,O
Ti,Zn,Ge,O
Ca,Co,Ge,O
Mg,Co,Ge,O
Mg,V,Ge,O
Zn,Cr,Ge,O
Ca,Mn,Ge,O
Ca,Al,Si,O
Sr,Ca,Mn,O
La,Sm,Ni,O
Co,Te,Pb,O
Sr,Y,Co,O
Mg,Fe,Si,O
Mg,Co,Si,O
K,Y,Se,O
Ba,Pr,Sn,S
Ga,Sn,Ge,S
K,Y,Te,O
Sr,Si,O,F
Sr,Nb,Cr,O
Sr,Si,H,F
Sr,Cr,Sb,O
Ca,Ta,Cr,O
La,Ti,Mn,O
Ba,Ti,Mn,O
Sr,Nb,Co,O
Ba,Mn,Nb,O
Li,Co,C,O
Li,Co,C,O
Li,Co,C,O
Li,Mn,C,O
Li,Cr,Si,O
Ca,Si,Ni,O
Li,Fe,Ge,O
Sr,Ta,Cr,O
Ba,Ta,Cr,O
Ti,Fe,Bi,O
La,Nb,Cl,O
Ca,Mn,Sb,O
Na,Mo,Se,O
K,Nd,C,O
Na,Y,Si,O
Al,Sn,Cl,O
K,Y,P,Se
Li,Sc,Si,O
Li,Mn,C,O
Li,V,C,O
Li,Mn,P,O
Mg,Cu,Ge,O
Ca,Ni,Ge,O
Mg,Cr,Ge,O
Sr,Ca,Co,O
Co,Te,Pb,O
Sr,Zr,Cr,O
Ca,Fe,Ge,O
Mn,Pb,W,O
K,In,Te,O
Ba,Tb,Mn,O
Sr,Ta,Co,O
La,Ti,Ni,O
La,Ni,Rh,O
Sr,Zr,V,O
Ca,Co,Ir,O
Zn,Ni,Ir,O
Ca,Ta,Cr,O
Ca,Fe,Sb,O
Li,Cr,Ge,O
Nb,Ni,B,O
Ca,Fe,Re,O
K,Mo,Se,O
Sn,P,C,O
Ba,Co,Se,O
K,Fe,Se,O
Li,V,C,O
Li,Bi,P,O
Li,Fe,Si,O
Ca,Sn,Ge,O
Zn,Ge,W,O
Mg,Fe,Ge,O
